image_id,label,variety,age
200001.jpg,,ADT45,69.67
200002.jpg,,ADT45,58.12
200003.jpg,,ADT45,66.65
200004.jpg,,Zonal,70.36
200005.jpg,,AndraPonni,45.09
200006.jpg,,ADT45,57.49
200007.jpg,,ADT45,66.72
200008.jpg,,ADT45,66.49
200009.jpg,,AndraPonni,65.75
200010.jpg,,ADT45,59.93
200011.jpg,,ADT45,71.71
200012.jpg,,KarnatakaPonni,49.57
200013.jpg,,Ponni,59.85
200014.jpg,,IR20,69.03
200015.jpg,,ADT45,49.21
200016.jpg,,ADT45,69.56
200017.jpg,,ADT45,62.83
200018.jpg,,ADT45,56.56
200019.jpg,,ADT45,71.46
200020.jpg,,ADT45,68.3
200021.jpg,,ADT45,75.71
200022.jpg,,ADT45,59.59
200023.jpg,,IR20,48.08
200024.jpg,,ADT45,69.67
200025.jpg,,ADT45,71.05
200026.jpg,,ADT45,58.91
200027.jpg,,Ponni,46.56
200028.jpg,,ADT45,50.1
200029.jpg,,ADT45,70.23
200030.jpg,,KarnatakaPonni,48.95
200031.jpg,,AtchayaPonni,62.75
200032.jpg,,ADT45,69.65
200033.jpg,,ADT45,62.44
200034.jpg,,KarnatakaPonni,73.89
200035.jpg,,ADT45,70.43
200036.jpg,,ADT45,56.58
200037.jpg,,ADT45,69.7
200038.jpg,,ADT45,44.97
200039.jpg,,ADT45,72.55
200040.jpg,,ADT45,52.88
200041.jpg,,ADT45,47.29
200042.jpg,,KarnatakaPonni,47.56
200043.jpg,,Onthanel,50.14
200044.jpg,,AtchayaPonni,64.31
200045.jpg,,ADT45,71.82
200046.jpg,,ADT45,67.04
200047.jpg,,ADT45,53.27
200048.jpg,,KarnatakaPonni,52.01
200049.jpg,,ADT45,73.83
200050.jpg,,Onthanel,48.6
200051.jpg,,ADT45,71.11
200052.jpg,,ADT45,73.17
200053.jpg,,ADT45,55.04
200054.jpg,,ADT45,51.53
200055.jpg,,ADT45,68.08
200056.jpg,,ADT45,67.62
200057.jpg,,AtchayaPonni,55.77
200058.jpg,,ADT45,71.56
200059.jpg,,ADT45,67.99
200060.jpg,,KarnatakaPonni,52.1
200061.jpg,,ADT45,69.27
200062.jpg,,ADT45,60.96
200063.jpg,,ADT45,47.5
200064.jpg,,ADT45,54.39
200065.jpg,,ADT45,70.63
200066.jpg,,ADT45,57.65
200067.jpg,,ADT45,64.91
200068.jpg,,ADT45,58.48
200069.jpg,,ADT45,69.93
200070.jpg,,ADT45,80.25
200071.jpg,,ADT45,74.43
200072.jpg,,ADT45,69.19
200073.jpg,,Zonal,54.96
200074.jpg,,KarnatakaPonni,51.84
200075.jpg,,ADT45,67.93
200076.jpg,,ADT45,71.8
200077.jpg,,ADT45,49.39
200078.jpg,,ADT45,72.1
200079.jpg,,ADT45,70.15
200080.jpg,,IR20,73.28
200081.jpg,,ADT45,74.57
200082.jpg,,ADT45,67.44
200083.jpg,,ADT45,70.57
200084.jpg,,ADT45,68.03
200085.jpg,,KarnatakaPonni,52.66
200086.jpg,,ADT45,66.47
200087.jpg,,ADT45,74.35
200088.jpg,,ADT45,59.39
200089.jpg,,ADT45,71.92
200090.jpg,,KarnatakaPonni,75.28
200091.jpg,,ADT45,53.75
200092.jpg,,ADT45,65.28
200093.jpg,,ADT45,66.86
200094.jpg,,ADT45,60.01
200095.jpg,,ADT45,45.59
200096.jpg,,Onthanel,69.42
200097.jpg,,ADT45,67.15
200098.jpg,,ADT45,64.42
200099.jpg,,AndraPonni,64.59
200100.jpg,,Ponni,48.99
200101.jpg,,AndraPonni,62.42
200102.jpg,,AtchayaPonni,66.32
200103.jpg,,ADT45,71.66
200104.jpg,,ADT45,64.68
200105.jpg,,ADT45,67.19
200106.jpg,,AndraPonni,43.86
200107.jpg,,ADT45,63.74
200108.jpg,,ADT45,57.97
200109.jpg,,ADT45,69.06
200110.jpg,,KarnatakaPonni,76.14
200111.jpg,,ADT45,66.49
200112.jpg,,KarnatakaPonni,77.23
200113.jpg,,ADT45,60.52
200114.jpg,,ADT45,48.98
200115.jpg,,AndraPonni,66.85
200116.jpg,,ADT45,58.37
200117.jpg,,ADT45,67.51
200118.jpg,,ADT45,60.38
200119.jpg,,ADT45,49.01
200120.jpg,,ADT45,69.78
200121.jpg,,ADT45,67.93
200122.jpg,,KarnatakaPonni,76.53
200123.jpg,,ADT45,71.66
200124.jpg,,ADT45,69.65
200125.jpg,,KarnatakaPonni,74.78
200126.jpg,,ADT45,68.98
200127.jpg,,KarnatakaPonni,75.07
200128.jpg,,ADT45,63.08
200129.jpg,,KarnatakaPonni,75.5
200130.jpg,,ADT45,71.55
200131.jpg,,KarnatakaPonni,76.12
200132.jpg,,AtchayaPonni,60.36
200133.jpg,,AtchayaPonni,65.34
200134.jpg,,ADT45,47.97
200135.jpg,,ADT45,71.35
200136.jpg,,ADT45,69.14
200137.jpg,,ADT45,58.84
200138.jpg,,KarnatakaPonni,74.2
200139.jpg,,KarnatakaPonni,75.45
200140.jpg,,ADT45,58.44
200141.jpg,,KarnatakaPonni,71.19
200142.jpg,,ADT45,62.98
200143.jpg,,KarnatakaPonni,49.18
200144.jpg,,ADT45,70.34
200145.jpg,,KarnatakaPonni,76.81
200146.jpg,,ADT45,59.59
200147.jpg,,ADT45,61.26
200148.jpg,,KarnatakaPonni,74.79
200149.jpg,,ADT45,72.17
200150.jpg,,ADT45,70.44
200151.jpg,,AndraPonni,67.62
200152.jpg,,Onthanel,69.59
200153.jpg,,ADT45,59.74
200154.jpg,,Zonal,69.99
200155.jpg,,ADT45,59.81
200156.jpg,,Zonal,70.86
200157.jpg,,ADT45,59.41
200158.jpg,,ADT45,68.87
200159.jpg,,ADT45,59.97
200160.jpg,,ADT45,54.5
200161.jpg,,ADT45,59.65
200162.jpg,,Zonal,68.95
200163.jpg,,ADT45,70.9
200164.jpg,,Zonal,71.02
200165.jpg,,AndraPonni,64.92
200166.jpg,,ADT45,72.64
200167.jpg,,KarnatakaPonni,75.08
200168.jpg,,ADT45,67.45
200169.jpg,,ADT45,70.33
200170.jpg,,ADT45,71.15
200171.jpg,,ADT45,69.92
200172.jpg,,AndraPonni,46.15
200173.jpg,,ADT45,70.16
200174.jpg,,ADT45,67.2
200175.jpg,,IR20,68.79
200176.jpg,,ADT45,66.36
200177.jpg,,Ponni,45.41
200178.jpg,,ADT45,62.73
200179.jpg,,ADT45,51.46
200180.jpg,,ADT45,59.5
200181.jpg,,ADT45,67.73
200182.jpg,,ADT45,69.23
200183.jpg,,ADT45,56.01
200184.jpg,,ADT45,60.86
200185.jpg,,ADT45,67.75
200186.jpg,,KarnatakaPonni,74.47
200187.jpg,,ADT45,67.99
200188.jpg,,Zonal,66.65
200189.jpg,,AndraPonni,64.69
200190.jpg,,ADT45,59.38
200191.jpg,,ADT45,71.2
200192.jpg,,ADT45,63.44
200193.jpg,,ADT45,68.27
200194.jpg,,ADT45,43.2
200195.jpg,,ADT45,55.14
200196.jpg,,ADT45,68.46
200197.jpg,,Ponni,58.76
200198.jpg,,AndraPonni,44.79
200199.jpg,,ADT45,59.92
200200.jpg,,ADT45,65.62
200201.jpg,,ADT45,72.69
200202.jpg,,Ponni,54.93
200203.jpg,,ADT45,60.58
200204.jpg,,ADT45,70.57
200205.jpg,,ADT45,72.84
200206.jpg,,ADT45,60.02
200207.jpg,,Zonal,69.76
200208.jpg,,ADT45,62.1
200209.jpg,,AndraPonni,64.75
200210.jpg,,ADT45,58.87
200211.jpg,,ADT45,46.22
200212.jpg,,ADT45,67.92
200213.jpg,,ADT45,58.86
200214.jpg,,ADT45,44.59
200215.jpg,,KarnatakaPonni,74.67
200216.jpg,,ADT45,66.06
200217.jpg,,Onthanel,68.06
200218.jpg,,ADT45,70.21
200219.jpg,,KarnatakaPonni,69.12
200220.jpg,,KarnatakaPonni,50.31
200221.jpg,,ADT45,74.42
200222.jpg,,ADT45,66.12
200223.jpg,,ADT45,79.12
200224.jpg,,ADT45,70.31
200225.jpg,,ADT45,44.66
200226.jpg,,ADT45,69.71
200227.jpg,,ADT45,68.53
200228.jpg,,KarnatakaPonni,73.88
200229.jpg,,ADT45,68.32
200230.jpg,,ADT45,61.05
200231.jpg,,ADT45,71.81
200232.jpg,,Ponni,56.47
200233.jpg,,Zonal,69.97
200234.jpg,,KarnatakaPonni,73.39
200235.jpg,,ADT45,60.04
200236.jpg,,KarnatakaPonni,75.66
200237.jpg,,KarnatakaPonni,75.7
200238.jpg,,KarnatakaPonni,75.13
200239.jpg,,ADT45,71.67
200240.jpg,,Zonal,54.03
200241.jpg,,ADT45,48.83
200242.jpg,,ADT45,69.95
200243.jpg,,ADT45,45.47
200244.jpg,,ADT45,56.49
200245.jpg,,ADT45,64.37
200246.jpg,,ADT45,69.57
200247.jpg,,KarnatakaPonni,72.95
200248.jpg,,Ponni,60.77
200249.jpg,,ADT45,70.76
200250.jpg,,AndraPonni,42.81
200251.jpg,,KarnatakaPonni,48.86
200252.jpg,,ADT45,72.34
200253.jpg,,ADT45,62.83
200254.jpg,,ADT45,67.23
200255.jpg,,Zonal,69.1
200256.jpg,,KarnatakaPonni,77.16
200257.jpg,,KarnatakaPonni,74.82
200258.jpg,,AndraPonni,63.36
200259.jpg,,ADT45,69.55
200260.jpg,,Ponni,57.25
200261.jpg,,ADT45,53.27
200262.jpg,,ADT45,66.39
200263.jpg,,ADT45,69.09
200264.jpg,,Ponni,59.57
200265.jpg,,ADT45,59.53
200266.jpg,,Zonal,69.89
200267.jpg,,ADT45,71.72
200268.jpg,,ADT45,58.74
200269.jpg,,AtchayaPonni,57.08
200270.jpg,,ADT45,48.54
200271.jpg,,ADT45,71.88
200272.jpg,,Zonal,70.56
200273.jpg,,ADT45,59.2
200274.jpg,,ADT45,65.39
200275.jpg,,ADT45,50.92
200276.jpg,,ADT45,70.45
200277.jpg,,ADT45,49.09
200278.jpg,,ADT45,72.7
200279.jpg,,Zonal,70.58
200280.jpg,,AtchayaPonni,66.84
200281.jpg,,ADT45,54.51
200282.jpg,,ADT45,68.38
200283.jpg,,ADT45,67.72
200284.jpg,,ADT45,61.12
200285.jpg,,ADT45,57.16
200286.jpg,,ADT45,58.88
200287.jpg,,ADT45,60.16
200288.jpg,,Ponni,55.68
200289.jpg,,KarnatakaPonni,75.58
200290.jpg,,ADT45,59.92
200291.jpg,,ADT45,71.86
200292.jpg,,Ponni,65.12
200293.jpg,,ADT45,68.89
200294.jpg,,AtchayaPonni,64.26
200295.jpg,,ADT45,67.53
200296.jpg,,Ponni,59.15
200297.jpg,,ADT45,64.08
200298.jpg,,ADT45,52.71
200299.jpg,,ADT45,68.39
200300.jpg,,Ponni,46.22
200301.jpg,,Ponni,46.18
200302.jpg,,Onthanel,50.26
200303.jpg,,AtchayaPonni,62.72
200304.jpg,,ADT45,58.77
200305.jpg,,ADT45,76.86
200306.jpg,,AtchayaPonni,50.43
200307.jpg,,ADT45,56.36
200308.jpg,,ADT45,56.0
200309.jpg,,Onthanel,69.26
200310.jpg,,ADT45,58.01
200311.jpg,,ADT45,61.33
200312.jpg,,ADT45,59.63
200313.jpg,,ADT45,57.84
200314.jpg,,AtchayaPonni,66.21
200315.jpg,,ADT45,50.27
200316.jpg,,ADT45,70.13
200317.jpg,,AndraPonni,64.32
200318.jpg,,ADT45,72.22
200319.jpg,,ADT45,71.6
200320.jpg,,AtchayaPonni,65.3
200321.jpg,,ADT45,68.11
200322.jpg,,ADT45,46.28
200323.jpg,,ADT45,56.68
200324.jpg,,ADT45,65.87
200325.jpg,,ADT45,67.69
200326.jpg,,KarnatakaPonni,74.19
200327.jpg,,Zonal,70.43
200328.jpg,,AtchayaPonni,58.6
200329.jpg,,ADT45,71.73
200330.jpg,,ADT45,69.44
200331.jpg,,ADT45,71.86
200332.jpg,,ADT45,72.51
200333.jpg,,Onthanel,69.65
200334.jpg,,ADT45,44.54
200335.jpg,,ADT45,69.15
200336.jpg,,ADT45,65.2
200337.jpg,,ADT45,58.13
200338.jpg,,ADT45,54.56
200339.jpg,,ADT45,68.56
200340.jpg,,ADT45,72.52
200341.jpg,,ADT45,60.35
200342.jpg,,Onthanel,50.1
200343.jpg,,ADT45,60.1
200344.jpg,,KarnatakaPonni,75.14
200345.jpg,,IR20,50.18
200346.jpg,,ADT45,64.3
200347.jpg,,ADT45,66.36
200348.jpg,,ADT45,50.99
200349.jpg,,ADT45,48.08
200350.jpg,,ADT45,42.96
200351.jpg,,ADT45,47.01
200352.jpg,,Zonal,75.52
200353.jpg,,AndraPonni,46.25
200354.jpg,,KarnatakaPonni,46.46
200355.jpg,,ADT45,58.92
200356.jpg,,ADT45,68.7
200357.jpg,,Zonal,69.29
200358.jpg,,ADT45,69.61
200359.jpg,,Ponni,60.25
200360.jpg,,KarnatakaPonni,73.66
200361.jpg,,ADT45,70.59
200362.jpg,,ADT45,69.7
200363.jpg,,KarnatakaPonni,70.74
200364.jpg,,ADT45,68.05
200365.jpg,,ADT45,60.09
200366.jpg,,ADT45,50.11
200367.jpg,,ADT45,49.38
200368.jpg,,ADT45,78.55
200369.jpg,,AndraPonni,44.49
200370.jpg,,ADT45,72.29
200371.jpg,,ADT45,63.26
200372.jpg,,ADT45,59.66
200373.jpg,,Ponni,60.16
200374.jpg,,ADT45,69.58
200375.jpg,,ADT45,70.05
200376.jpg,,ADT45,57.02
200377.jpg,,KarnatakaPonni,75.0
200378.jpg,,ADT45,75.18
200379.jpg,,KarnatakaPonni,72.14
200380.jpg,,RR,67.21
200381.jpg,,ADT45,65.19
200382.jpg,,ADT45,57.13
200383.jpg,,ADT45,70.15
200384.jpg,,ADT45,56.73
200385.jpg,,ADT45,69.78
200386.jpg,,ADT45,59.79
200387.jpg,,ADT45,56.74
200388.jpg,,ADT45,59.34
200389.jpg,,Ponni,81.72
200390.jpg,,ADT45,66.17
200391.jpg,,ADT45,69.98
200392.jpg,,ADT45,68.75
200393.jpg,,ADT45,67.8
200394.jpg,,ADT45,71.1
200395.jpg,,ADT45,69.54
200396.jpg,,ADT45,64.92
200397.jpg,,AndraPonni,44.51
200398.jpg,,KarnatakaPonni,75.72
200399.jpg,,ADT45,69.25
200400.jpg,,ADT45,70.21
200401.jpg,,Ponni,78.87
200402.jpg,,Ponni,56.94
200403.jpg,,ADT45,69.68
200404.jpg,,ADT45,71.08
200405.jpg,,ADT45,71.93
200406.jpg,,Onthanel,49.16
200407.jpg,,ADT45,57.3
200408.jpg,,ADT45,68.75
200409.jpg,,ADT45,64.9
200410.jpg,,ADT45,59.68
200411.jpg,,ADT45,67.41
200412.jpg,,ADT45,59.86
200413.jpg,,KarnatakaPonni,49.69
200414.jpg,,ADT45,70.48
200415.jpg,,Zonal,70.2
200416.jpg,,ADT45,68.78
200417.jpg,,ADT45,58.37
200418.jpg,,AtchayaPonni,66.9
200419.jpg,,AtchayaPonni,65.68
200420.jpg,,ADT45,49.9
200421.jpg,,ADT45,57.48
200422.jpg,,AtchayaPonni,58.71
200423.jpg,,AtchayaPonni,57.19
200424.jpg,,ADT45,60.34
200425.jpg,,ADT45,58.57
200426.jpg,,ADT45,70.0
200427.jpg,,KarnatakaPonni,75.22
200428.jpg,,Ponni,67.89
200429.jpg,,ADT45,47.38
200430.jpg,,AtchayaPonni,64.45
200431.jpg,,KarnatakaPonni,60.06
200432.jpg,,ADT45,67.93
200433.jpg,,Zonal,71.61
200434.jpg,,ADT45,71.57
200435.jpg,,AtchayaPonni,56.33
200436.jpg,,ADT45,70.78
200437.jpg,,ADT45,61.17
200438.jpg,,ADT45,69.03
200439.jpg,,ADT45,68.12
200440.jpg,,ADT45,68.89
200441.jpg,,ADT45,51.82
200442.jpg,,ADT45,81.52
200443.jpg,,Ponni,79.05
200444.jpg,,ADT45,58.01
200445.jpg,,ADT45,70.53
200446.jpg,,Onthanel,69.97
200447.jpg,,Ponni,58.32
200448.jpg,,ADT45,65.73
200449.jpg,,ADT45,68.27
200450.jpg,,ADT45,72.0
200451.jpg,,ADT45,72.66
200452.jpg,,ADT45,71.01
200453.jpg,,ADT45,70.12
200454.jpg,,ADT45,43.82
200455.jpg,,ADT45,55.13
200456.jpg,,ADT45,56.21
200457.jpg,,AtchayaPonni,65.4
200458.jpg,,ADT45,40.61
200459.jpg,,ADT45,59.35
200460.jpg,,ADT45,67.13
200461.jpg,,ADT45,69.99
200462.jpg,,ADT45,48.24
200463.jpg,,AndraPonni,45.26
200464.jpg,,ADT45,69.54
200465.jpg,,ADT45,45.32
200466.jpg,,ADT45,69.36
200467.jpg,,ADT45,50.64
200468.jpg,,KarnatakaPonni,48.99
200469.jpg,,Onthanel,67.82
200470.jpg,,ADT45,60.92
200471.jpg,,ADT45,54.0
200472.jpg,,AtchayaPonni,64.06
200473.jpg,,ADT45,60.18
200474.jpg,,ADT45,62.11
200475.jpg,,ADT45,72.22
200476.jpg,,RR,71.24
200477.jpg,,ADT45,55.73
200478.jpg,,ADT45,69.91
200479.jpg,,ADT45,67.53
200480.jpg,,ADT45,67.68
200481.jpg,,ADT45,59.14
200482.jpg,,KarnatakaPonni,65.01
200483.jpg,,ADT45,69.44
200484.jpg,,ADT45,68.88
200485.jpg,,ADT45,55.52
200486.jpg,,AtchayaPonni,62.75
200487.jpg,,ADT45,45.59
200488.jpg,,ADT45,71.35
200489.jpg,,ADT45,57.84
200490.jpg,,ADT45,71.08
200491.jpg,,ADT45,63.65
200492.jpg,,ADT45,69.56
200493.jpg,,ADT45,70.21
200494.jpg,,ADT45,70.29
200495.jpg,,ADT45,54.49
200496.jpg,,Zonal,69.46
200497.jpg,,Onthanel,68.34
200498.jpg,,ADT45,56.02
200499.jpg,,KarnatakaPonni,75.55
200500.jpg,,ADT45,60.41
200501.jpg,,ADT45,65.64
200502.jpg,,ADT45,62.7
200503.jpg,,ADT45,66.72
200504.jpg,,ADT45,70.26
200505.jpg,,AndraPonni,63.36
200506.jpg,,Ponni,79.71
200507.jpg,,ADT45,67.3
200508.jpg,,ADT45,70.23
200509.jpg,,ADT45,73.15
200510.jpg,,ADT45,70.53
200511.jpg,,ADT45,68.62
200512.jpg,,AtchayaPonni,57.73
200513.jpg,,Ponni,59.83
200514.jpg,,KarnatakaPonni,75.34
200515.jpg,,ADT45,70.23
200516.jpg,,ADT45,65.06
200517.jpg,,ADT45,69.6
200518.jpg,,Onthanel,70.35
200519.jpg,,ADT45,64.04
200520.jpg,,ADT45,51.29
200521.jpg,,Ponni,47.51
200522.jpg,,ADT45,72.87
200523.jpg,,AtchayaPonni,65.66
200524.jpg,,ADT45,68.54
200525.jpg,,KarnatakaPonni,76.34
200526.jpg,,ADT45,70.31
200527.jpg,,Ponni,78.84
200528.jpg,,Onthanel,68.27
200529.jpg,,ADT45,55.94
200530.jpg,,ADT45,67.47
200531.jpg,,AtchayaPonni,65.74
200532.jpg,,RR,62.42
200533.jpg,,ADT45,73.76
200534.jpg,,ADT45,44.17
200535.jpg,,AtchayaPonni,65.31
200536.jpg,,Ponni,47.16
200537.jpg,,ADT45,51.79
200538.jpg,,ADT45,65.47
200539.jpg,,AndraPonni,44.91
200540.jpg,,ADT45,60.22
200541.jpg,,Ponni,46.66
200542.jpg,,Ponni,58.01
200543.jpg,,ADT45,69.07
200544.jpg,,ADT45,59.47
200545.jpg,,ADT45,69.09
200546.jpg,,ADT45,49.39
200547.jpg,,Zonal,69.01
200548.jpg,,Zonal,54.36
200549.jpg,,ADT45,76.16
200550.jpg,,ADT45,60.07
200551.jpg,,ADT45,69.49
200552.jpg,,ADT45,49.87
200553.jpg,,Onthanel,50.56
200554.jpg,,Ponni,54.99
200555.jpg,,AndraPonni,63.42
200556.jpg,,Ponni,80.13
200557.jpg,,Zonal,68.37
200558.jpg,,ADT45,70.81
200559.jpg,,AtchayaPonni,65.16
200560.jpg,,ADT45,70.86
200561.jpg,,ADT45,63.88
200562.jpg,,ADT45,70.39
200563.jpg,,ADT45,48.43
200564.jpg,,AndraPonni,64.16
200565.jpg,,ADT45,58.75
200566.jpg,,Onthanel,70.15
200567.jpg,,AtchayaPonni,57.12
200568.jpg,,ADT45,68.71
200569.jpg,,ADT45,67.12
200570.jpg,,ADT45,53.5
200571.jpg,,Onthanel,47.25
200572.jpg,,ADT45,49.2
200573.jpg,,ADT45,72.82
200574.jpg,,AtchayaPonni,66.14
200575.jpg,,ADT45,59.99
200576.jpg,,ADT45,70.19
200577.jpg,,ADT45,67.57
200578.jpg,,Onthanel,49.47
200579.jpg,,Onthanel,50.52
200580.jpg,,KarnatakaPonni,52.44
200581.jpg,,ADT45,69.94
200582.jpg,,ADT45,68.47
200583.jpg,,ADT45,69.39
200584.jpg,,ADT45,45.81
200585.jpg,,KarnatakaPonni,75.53
200586.jpg,,ADT45,67.74
200587.jpg,,ADT45,69.23
200588.jpg,,ADT45,69.71
200589.jpg,,ADT45,60.09
200590.jpg,,ADT45,56.72
200591.jpg,,ADT45,71.36
200592.jpg,,ADT45,51.53
200593.jpg,,Zonal,59.03
200594.jpg,,Ponni,80.94
200595.jpg,,ADT45,70.81
200596.jpg,,AtchayaPonni,56.26
200597.jpg,,ADT45,59.21
200598.jpg,,ADT45,74.85
200599.jpg,,ADT45,61.98
200600.jpg,,ADT45,61.09
200601.jpg,,KarnatakaPonni,74.22
200602.jpg,,ADT45,67.7
200603.jpg,,ADT45,80.1
200604.jpg,,ADT45,50.43
200605.jpg,,ADT45,67.05
200606.jpg,,ADT45,61.62
200607.jpg,,KarnatakaPonni,65.75
200608.jpg,,ADT45,49.66
200609.jpg,,ADT45,68.69
200610.jpg,,KarnatakaPonni,71.75
200611.jpg,,ADT45,70.53
200612.jpg,,ADT45,49.33
200613.jpg,,ADT45,70.13
200614.jpg,,Zonal,51.58
200615.jpg,,Ponni,45.94
200616.jpg,,ADT45,71.06
200617.jpg,,ADT45,71.09
200618.jpg,,AndraPonni,63.15
200619.jpg,,ADT45,66.12
200620.jpg,,ADT45,60.0
200621.jpg,,ADT45,56.31
200622.jpg,,ADT45,73.82
200623.jpg,,Ponni,47.55
200624.jpg,,KarnatakaPonni,69.61
200625.jpg,,AtchayaPonni,65.29
200626.jpg,,ADT45,48.5
200627.jpg,,ADT45,57.06
200628.jpg,,IR20,75.0
200629.jpg,,ADT45,71.15
200630.jpg,,ADT45,72.14
200631.jpg,,ADT45,60.04
200632.jpg,,ADT45,67.86
200633.jpg,,ADT45,66.05
200634.jpg,,AtchayaPonni,65.72
200635.jpg,,Ponni,52.64
200636.jpg,,AtchayaPonni,46.76
200637.jpg,,KarnatakaPonni,70.98
200638.jpg,,ADT45,71.0
200639.jpg,,KarnatakaPonni,74.04
200640.jpg,,ADT45,67.1
200641.jpg,,KarnatakaPonni,75.94
200642.jpg,,ADT45,68.89
200643.jpg,,ADT45,70.23
200644.jpg,,ADT45,52.81
200645.jpg,,ADT45,70.36
200646.jpg,,Ponni,45.02
200647.jpg,,ADT45,49.72
200648.jpg,,ADT45,68.15
200649.jpg,,ADT45,57.28
200650.jpg,,ADT45,76.11
200651.jpg,,ADT45,59.88
200652.jpg,,ADT45,70.74
200653.jpg,,ADT45,49.47
200654.jpg,,AndraPonni,46.15
200655.jpg,,ADT45,70.38
200656.jpg,,ADT45,65.01
200657.jpg,,KarnatakaPonni,75.21
200658.jpg,,KarnatakaPonni,70.38
200659.jpg,,ADT45,55.78
200660.jpg,,ADT45,69.11
200661.jpg,,Zonal,71.6
200662.jpg,,KarnatakaPonni,50.39
200663.jpg,,AtchayaPonni,46.85
200664.jpg,,ADT45,71.21
200665.jpg,,ADT45,66.1
200666.jpg,,AndraPonni,64.87
200667.jpg,,KarnatakaPonni,75.05
200668.jpg,,ADT45,60.06
200669.jpg,,ADT45,65.15
200670.jpg,,ADT45,49.3
200671.jpg,,ADT45,63.82
200672.jpg,,Ponni,79.75
200673.jpg,,ADT45,55.29
200674.jpg,,ADT45,60.19
200675.jpg,,Onthanel,69.69
200676.jpg,,ADT45,69.32
200677.jpg,,ADT45,57.8
200678.jpg,,AtchayaPonni,48.86
200679.jpg,,KarnatakaPonni,75.45
200680.jpg,,ADT45,73.58
200681.jpg,,KarnatakaPonni,74.41
200682.jpg,,ADT45,52.89
200683.jpg,,ADT45,64.03
200684.jpg,,Ponni,59.71
200685.jpg,,Zonal,56.14
200686.jpg,,ADT45,58.92
200687.jpg,,ADT45,68.43
200688.jpg,,ADT45,57.58
200689.jpg,,IR20,71.28
200690.jpg,,ADT45,64.95
200691.jpg,,ADT45,70.13
200692.jpg,,ADT45,68.43
200693.jpg,,KarnatakaPonni,75.8
200694.jpg,,ADT45,69.99
200695.jpg,,KarnatakaPonni,72.59
200696.jpg,,Surya,49.83
200697.jpg,,KarnatakaPonni,49.51
200698.jpg,,ADT45,67.57
200699.jpg,,ADT45,73.01
200700.jpg,,IR20,69.17
200701.jpg,,Zonal,69.91
200702.jpg,,ADT45,69.34
200703.jpg,,ADT45,48.95
200704.jpg,,ADT45,71.49
200705.jpg,,ADT45,51.37
200706.jpg,,AndraPonni,64.37
200707.jpg,,ADT45,69.93
200708.jpg,,AtchayaPonni,64.25
200709.jpg,,ADT45,74.19
200710.jpg,,Zonal,70.51
200711.jpg,,ADT45,59.12
200712.jpg,,ADT45,55.11
200713.jpg,,ADT45,55.91
200714.jpg,,ADT45,59.83
200715.jpg,,ADT45,71.03
200716.jpg,,ADT45,70.75
200717.jpg,,Onthanel,51.1
200718.jpg,,Ponni,61.13
200719.jpg,,ADT45,70.39
200720.jpg,,ADT45,68.6
200721.jpg,,ADT45,71.24
200722.jpg,,ADT45,69.5
200723.jpg,,ADT45,69.56
200724.jpg,,ADT45,67.96
200725.jpg,,ADT45,59.41
200726.jpg,,ADT45,72.06
200727.jpg,,ADT45,44.27
200728.jpg,,ADT45,71.45
200729.jpg,,ADT45,70.6
200730.jpg,,Zonal,71.13
200731.jpg,,ADT45,62.85
200732.jpg,,Ponni,62.98
200733.jpg,,ADT45,60.84
200734.jpg,,ADT45,71.2
200735.jpg,,ADT45,69.27
200736.jpg,,ADT45,60.85
200737.jpg,,AtchayaPonni,65.51
200738.jpg,,ADT45,65.99
200739.jpg,,Zonal,54.49
200740.jpg,,ADT45,60.49
200741.jpg,,ADT45,68.39
200742.jpg,,ADT45,76.39
200743.jpg,,ADT45,58.92
200744.jpg,,KarnatakaPonni,76.26
200745.jpg,,ADT45,59.23
200746.jpg,,ADT45,64.98
200747.jpg,,ADT45,45.37
200748.jpg,,ADT45,60.52
200749.jpg,,KarnatakaPonni,74.35
200750.jpg,,ADT45,72.46
200751.jpg,,Zonal,70.62
200752.jpg,,ADT45,71.79
200753.jpg,,KarnatakaPonni,50.81
200754.jpg,,ADT45,70.54
200755.jpg,,ADT45,72.37
200756.jpg,,ADT45,68.96
200757.jpg,,ADT45,66.22
200758.jpg,,ADT45,70.48
200759.jpg,,ADT45,61.6
200760.jpg,,ADT45,60.83
200761.jpg,,ADT45,47.83
200762.jpg,,KarnatakaPonni,75.06
200763.jpg,,ADT45,71.48
200764.jpg,,ADT45,69.49
200765.jpg,,ADT45,67.43
200766.jpg,,AndraPonni,59.38
200767.jpg,,ADT45,42.66
200768.jpg,,ADT45,67.89
200769.jpg,,ADT45,59.16
200770.jpg,,Zonal,69.81
200771.jpg,,ADT45,73.47
200772.jpg,,Ponni,79.92
200773.jpg,,Zonal,71.05
200774.jpg,,ADT45,59.59
200775.jpg,,KarnatakaPonni,70.7
200776.jpg,,ADT45,69.98
200777.jpg,,ADT45,71.11
200778.jpg,,ADT45,69.42
200779.jpg,,ADT45,50.31
200780.jpg,,KarnatakaPonni,75.18
200781.jpg,,ADT45,59.02
200782.jpg,,KarnatakaPonni,72.49
200783.jpg,,AndraPonni,64.08
200784.jpg,,Ponni,45.68
200785.jpg,,ADT45,70.4
200786.jpg,,ADT45,69.4
200787.jpg,,ADT45,70.08
200788.jpg,,ADT45,76.24
200789.jpg,,ADT45,68.68
200790.jpg,,ADT45,68.17
200791.jpg,,Ponni,59.4
200792.jpg,,IR20,71.38
200793.jpg,,ADT45,46.42
200794.jpg,,ADT45,61.22
200795.jpg,,ADT45,47.69
200796.jpg,,ADT45,50.72
200797.jpg,,ADT45,69.41
200798.jpg,,Onthanel,70.37
200799.jpg,,ADT45,71.41
200800.jpg,,KarnatakaPonni,50.21
200801.jpg,,ADT45,68.85
200802.jpg,,Onthanel,69.78
200803.jpg,,Onthanel,49.16
200804.jpg,,KarnatakaPonni,49.83
200805.jpg,,AtchayaPonni,66.55
200806.jpg,,ADT45,71.61
200807.jpg,,ADT45,70.37
200808.jpg,,AndraPonni,66.23
200809.jpg,,ADT45,68.81
200810.jpg,,ADT45,67.35
200811.jpg,,ADT45,68.22
200812.jpg,,ADT45,59.69
200813.jpg,,Ponni,64.04
200814.jpg,,ADT45,69.54
200815.jpg,,ADT45,73.72
200816.jpg,,ADT45,52.61
200817.jpg,,ADT45,70.14
200818.jpg,,KarnatakaPonni,75.86
200819.jpg,,ADT45,72.65
200820.jpg,,ADT45,74.11
200821.jpg,,ADT45,69.68
200822.jpg,,ADT45,50.84
200823.jpg,,ADT45,65.46
200824.jpg,,Zonal,67.41
200825.jpg,,ADT45,73.31
200826.jpg,,ADT45,60.38
200827.jpg,,Ponni,59.02
200828.jpg,,Ponni,55.97
200829.jpg,,ADT45,72.31
200830.jpg,,ADT45,68.61
200831.jpg,,ADT45,68.33
200832.jpg,,ADT45,58.07
200833.jpg,,AndraPonni,44.0
200834.jpg,,ADT45,48.7
200835.jpg,,ADT45,70.0
200836.jpg,,ADT45,67.43
200837.jpg,,ADT45,70.53
200838.jpg,,ADT45,69.64
200839.jpg,,ADT45,68.13
200840.jpg,,ADT45,69.94
200841.jpg,,ADT45,60.38
200842.jpg,,ADT45,70.35
200843.jpg,,KarnatakaPonni,69.4
200844.jpg,,ADT45,59.36
200845.jpg,,ADT45,70.03
200846.jpg,,ADT45,73.63
200847.jpg,,ADT45,65.92
200848.jpg,,ADT45,59.9
200849.jpg,,ADT45,72.17
200850.jpg,,ADT45,77.76
200851.jpg,,ADT45,69.24
200852.jpg,,Ponni,58.56
200853.jpg,,ADT45,76.86
200854.jpg,,ADT45,66.96
200855.jpg,,ADT45,69.11
200856.jpg,,ADT45,70.19
200857.jpg,,Ponni,45.86
200858.jpg,,ADT45,70.77
200859.jpg,,ADT45,52.06
200860.jpg,,ADT45,63.36
200861.jpg,,ADT45,52.88
200862.jpg,,ADT45,61.44
200863.jpg,,AndraPonni,65.99
200864.jpg,,Zonal,69.38
200865.jpg,,ADT45,69.97
200866.jpg,,ADT45,68.36
200867.jpg,,ADT45,68.48
200868.jpg,,ADT45,61.35
200869.jpg,,Onthanel,68.16
200870.jpg,,ADT45,61.17
200871.jpg,,ADT45,70.91
200872.jpg,,ADT45,72.34
200873.jpg,,ADT45,70.6
200874.jpg,,ADT45,58.37
200875.jpg,,ADT45,61.4
200876.jpg,,ADT45,43.93
200877.jpg,,ADT45,66.98
200878.jpg,,AndraPonni,64.87
200879.jpg,,KarnatakaPonni,74.89
200880.jpg,,ADT45,43.7
200881.jpg,,ADT45,61.8
200882.jpg,,ADT45,71.87
200883.jpg,,Onthanel,50.92
200884.jpg,,ADT45,48.66
200885.jpg,,ADT45,72.2
200886.jpg,,ADT45,70.38
200887.jpg,,Onthanel,53.69
200888.jpg,,ADT45,62.12
200889.jpg,,ADT45,59.29
200890.jpg,,ADT45,70.42
200891.jpg,,ADT45,50.43
200892.jpg,,ADT45,69.87
200893.jpg,,AtchayaPonni,49.72
200894.jpg,,KarnatakaPonni,75.5
200895.jpg,,KarnatakaPonni,77.72
200896.jpg,,Ponni,59.28
200897.jpg,,ADT45,58.87
200898.jpg,,Onthanel,69.19
200899.jpg,,ADT45,69.33
200900.jpg,,ADT45,68.14
200901.jpg,,ADT45,49.31
200902.jpg,,ADT45,56.97
200903.jpg,,ADT45,55.03
200904.jpg,,ADT45,65.62
200905.jpg,,ADT45,49.24
200906.jpg,,ADT45,52.3
200907.jpg,,ADT45,66.52
200908.jpg,,IR20,70.97
200909.jpg,,ADT45,49.88
200910.jpg,,Ponni,74.17
200911.jpg,,ADT45,63.4
200912.jpg,,ADT45,79.26
200913.jpg,,ADT45,73.58
200914.jpg,,ADT45,58.13
200915.jpg,,ADT45,65.04
200916.jpg,,ADT45,67.26
200917.jpg,,ADT45,71.95
200918.jpg,,ADT45,69.89
200919.jpg,,ADT45,79.74
200920.jpg,,ADT45,71.45
200921.jpg,,Ponni,59.29
200922.jpg,,KarnatakaPonni,75.89
200923.jpg,,ADT45,50.23
200924.jpg,,ADT45,64.25
200925.jpg,,Zonal,70.72
200926.jpg,,KarnatakaPonni,75.35
200927.jpg,,ADT45,57.76
200928.jpg,,AtchayaPonni,58.25
200929.jpg,,ADT45,63.52
200930.jpg,,ADT45,68.36
200931.jpg,,ADT45,69.55
200932.jpg,,ADT45,70.19
200933.jpg,,ADT45,70.65
200934.jpg,,KarnatakaPonni,71.41
200935.jpg,,ADT45,70.36
200936.jpg,,KarnatakaPonni,74.18
200937.jpg,,Ponni,62.44
200938.jpg,,ADT45,50.21
200939.jpg,,AndraPonni,45.07
200940.jpg,,AtchayaPonni,63.63
200941.jpg,,KarnatakaPonni,76.6
200942.jpg,,ADT45,68.26
200943.jpg,,AndraPonni,68.84
200944.jpg,,ADT45,69.73
200945.jpg,,ADT45,69.16
200946.jpg,,ADT45,60.7
200947.jpg,,Zonal,71.64
200948.jpg,,ADT45,71.24
200949.jpg,,KarnatakaPonni,67.71
200950.jpg,,ADT45,70.1
200951.jpg,,ADT45,71.32
200952.jpg,,Onthanel,50.93
200953.jpg,,KarnatakaPonni,77.05
200954.jpg,,ADT45,51.61
200955.jpg,,AtchayaPonni,65.4
200956.jpg,,ADT45,66.45
200957.jpg,,ADT45,59.11
200958.jpg,,Ponni,46.94
200959.jpg,,ADT45,58.48
200960.jpg,,ADT45,67.36
200961.jpg,,Ponni,55.15
200962.jpg,,Zonal,71.19
200963.jpg,,KarnatakaPonni,75.72
200964.jpg,,KarnatakaPonni,75.24
200965.jpg,,KarnatakaPonni,52.37
200966.jpg,,ADT45,69.64
200967.jpg,,KarnatakaPonni,71.37
200968.jpg,,KarnatakaPonni,76.79
200969.jpg,,KarnatakaPonni,47.04
200970.jpg,,ADT45,70.23
200971.jpg,,ADT45,73.39
200972.jpg,,ADT45,54.19
200973.jpg,,ADT45,64.68
200974.jpg,,ADT45,70.29
200975.jpg,,ADT45,72.31
200976.jpg,,ADT45,59.34
200977.jpg,,ADT45,67.61
200978.jpg,,ADT45,51.06
200979.jpg,,ADT45,48.65
200980.jpg,,ADT45,71.36
200981.jpg,,ADT45,68.22
200982.jpg,,ADT45,58.91
200983.jpg,,Zonal,70.43
200984.jpg,,ADT45,60.54
200985.jpg,,AndraPonni,64.83
200986.jpg,,ADT45,72.09
200987.jpg,,ADT45,50.02
200988.jpg,,KarnatakaPonni,75.91
200989.jpg,,ADT45,68.04
200990.jpg,,Onthanel,47.56
200991.jpg,,Ponni,46.26
200992.jpg,,ADT45,59.78
200993.jpg,,ADT45,72.77
200994.jpg,,ADT45,70.62
200995.jpg,,Ponni,66.03
200996.jpg,,Ponni,77.5
200997.jpg,,Ponni,80.65
200998.jpg,,AndraPonni,65.65
200999.jpg,,KarnatakaPonni,69.84
201000.jpg,,ADT45,69.88
201001.jpg,,Zonal,55.32
201002.jpg,,ADT45,70.09
201003.jpg,,ADT45,72.21
201004.jpg,,ADT45,60.65
201005.jpg,,ADT45,64.37
201006.jpg,,ADT45,75.8
201007.jpg,,ADT45,59.94
201008.jpg,,ADT45,70.74
201009.jpg,,ADT45,40.73
201010.jpg,,ADT45,54.89
201011.jpg,,Ponni,67.24
201012.jpg,,ADT45,57.76
201013.jpg,,ADT45,58.98
201014.jpg,,ADT45,70.19
201015.jpg,,Ponni,59.74
201016.jpg,,ADT45,74.59
201017.jpg,,ADT45,47.87
201018.jpg,,KarnatakaPonni,51.85
201019.jpg,,AtchayaPonni,71.02
201020.jpg,,KarnatakaPonni,71.81
201021.jpg,,Onthanel,70.2
201022.jpg,,AndraPonni,64.09
201023.jpg,,ADT45,70.85
201024.jpg,,ADT45,71.06
201025.jpg,,Ponni,55.73
201026.jpg,,ADT45,58.76
201027.jpg,,ADT45,68.66
201028.jpg,,ADT45,69.92
201029.jpg,,ADT45,57.53
201030.jpg,,ADT45,70.33
201031.jpg,,KarnatakaPonni,50.67
201032.jpg,,ADT45,69.27
201033.jpg,,ADT45,59.07
201034.jpg,,ADT45,55.46
201035.jpg,,ADT45,60.77
201036.jpg,,ADT45,65.69
201037.jpg,,ADT45,71.28
201038.jpg,,ADT45,63.32
201039.jpg,,ADT45,59.06
201040.jpg,,ADT45,53.77
201041.jpg,,Onthanel,71.17
201042.jpg,,ADT45,51.59
201043.jpg,,Zonal,54.64
201044.jpg,,ADT45,57.08
201045.jpg,,ADT45,69.87
201046.jpg,,ADT45,69.58
201047.jpg,,ADT45,51.67
201048.jpg,,ADT45,70.12
201049.jpg,,ADT45,64.25
201050.jpg,,ADT45,70.71
201051.jpg,,ADT45,72.48
201052.jpg,,ADT45,68.97
201053.jpg,,Ponni,55.55
201054.jpg,,Ponni,45.41
201055.jpg,,AtchayaPonni,64.75
201056.jpg,,ADT45,70.19
201057.jpg,,ADT45,71.24
201058.jpg,,AndraPonni,63.82
201059.jpg,,ADT45,73.57
201060.jpg,,ADT45,72.0
201061.jpg,,ADT45,67.48
201062.jpg,,ADT45,70.12
201063.jpg,,ADT45,57.58
201064.jpg,,ADT45,49.43
201065.jpg,,ADT45,69.82
201066.jpg,,ADT45,70.91
201067.jpg,,ADT45,69.94
201068.jpg,,ADT45,59.23
201069.jpg,,ADT45,70.35
201070.jpg,,ADT45,69.64
201071.jpg,,ADT45,69.26
201072.jpg,,KarnatakaPonni,50.85
201073.jpg,,KarnatakaPonni,74.79
201074.jpg,,Zonal,71.17
201075.jpg,,ADT45,56.83
201076.jpg,,ADT45,59.18
201077.jpg,,ADT45,58.75
201078.jpg,,KarnatakaPonni,70.7
201079.jpg,,Onthanel,50.29
201080.jpg,,Ponni,46.17
201081.jpg,,ADT45,63.86
201082.jpg,,ADT45,71.34
201083.jpg,,KarnatakaPonni,74.95
201084.jpg,,AtchayaPonni,65.96
201085.jpg,,ADT45,60.66
201086.jpg,,Onthanel,48.48
201087.jpg,,KarnatakaPonni,76.57
201088.jpg,,KarnatakaPonni,75.6
201089.jpg,,KarnatakaPonni,71.35
201090.jpg,,ADT45,57.8
201091.jpg,,ADT45,69.7
201092.jpg,,KarnatakaPonni,74.35
201093.jpg,,ADT45,70.82
201094.jpg,,Onthanel,50.86
201095.jpg,,ADT45,49.54
201096.jpg,,ADT45,68.94
201097.jpg,,ADT45,52.85
201098.jpg,,AtchayaPonni,45.29
201099.jpg,,ADT45,68.94
201100.jpg,,ADT45,70.69
201101.jpg,,ADT45,69.54
201102.jpg,,AndraPonni,67.6
201103.jpg,,AndraPonni,47.17
201104.jpg,,KarnatakaPonni,52.31
201105.jpg,,ADT45,67.67
201106.jpg,,Zonal,70.45
201107.jpg,,Zonal,70.36
201108.jpg,,Zonal,70.28
201109.jpg,,ADT45,70.7
201110.jpg,,AtchayaPonni,65.26
201111.jpg,,KarnatakaPonni,76.3
201112.jpg,,ADT45,70.7
201113.jpg,,ADT45,66.2
201114.jpg,,ADT45,70.83
201115.jpg,,ADT45,70.26
201116.jpg,,Ponni,60.32
201117.jpg,,ADT45,66.06
201118.jpg,,Zonal,70.53
201119.jpg,,Ponni,45.48
201120.jpg,,KarnatakaPonni,75.74
201121.jpg,,ADT45,69.75
201122.jpg,,ADT45,58.97
201123.jpg,,ADT45,62.41
201124.jpg,,ADT45,75.48
201125.jpg,,ADT45,62.62
201126.jpg,,ADT45,75.71
201127.jpg,,ADT45,59.81
201128.jpg,,ADT45,72.58
201129.jpg,,ADT45,70.95
201130.jpg,,ADT45,62.7
201131.jpg,,ADT45,63.56
201132.jpg,,ADT45,70.85
201133.jpg,,ADT45,68.47
201134.jpg,,ADT45,68.95
201135.jpg,,Onthanel,70.05
201136.jpg,,ADT45,71.98
201137.jpg,,ADT45,73.36
201138.jpg,,ADT45,70.15
201139.jpg,,KarnatakaPonni,51.76
201140.jpg,,ADT45,60.31
201141.jpg,,ADT45,52.51
201142.jpg,,ADT45,59.3
201143.jpg,,ADT45,49.92
201144.jpg,,ADT45,64.25
201145.jpg,,ADT45,71.38
201146.jpg,,ADT45,62.44
201147.jpg,,Ponni,79.08
201148.jpg,,ADT45,72.2
201149.jpg,,ADT45,72.3
201150.jpg,,ADT45,49.4
201151.jpg,,KarnatakaPonni,75.41
201152.jpg,,KarnatakaPonni,62.44
201153.jpg,,ADT45,70.32
201154.jpg,,ADT45,70.26
201155.jpg,,ADT45,70.4
201156.jpg,,ADT45,59.98
201157.jpg,,Ponni,47.18
201158.jpg,,ADT45,61.97
201159.jpg,,Ponni,51.06
201160.jpg,,AndraPonni,65.58
201161.jpg,,ADT45,60.26
201162.jpg,,ADT45,66.32
201163.jpg,,ADT45,69.72
201164.jpg,,KarnatakaPonni,76.1
201165.jpg,,KarnatakaPonni,75.64
201166.jpg,,ADT45,60.92
201167.jpg,,KarnatakaPonni,74.56
201168.jpg,,ADT45,68.82
201169.jpg,,Onthanel,51.23
201170.jpg,,ADT45,60.53
201171.jpg,,ADT45,72.18
201172.jpg,,ADT45,47.01
201173.jpg,,ADT45,51.43
201174.jpg,,ADT45,50.42
201175.jpg,,Surya,48.16
201176.jpg,,ADT45,60.51
201177.jpg,,ADT45,70.26
201178.jpg,,ADT45,55.91
201179.jpg,,ADT45,71.69
201180.jpg,,ADT45,70.85
201181.jpg,,ADT45,68.77
201182.jpg,,ADT45,69.6
201183.jpg,,ADT45,47.32
201184.jpg,,ADT45,58.94
201185.jpg,,ADT45,61.08
201186.jpg,,Ponni,68.7
201187.jpg,,ADT45,64.14
201188.jpg,,KarnatakaPonni,76.61
201189.jpg,,ADT45,70.99
201190.jpg,,ADT45,60.33
201191.jpg,,KarnatakaPonni,76.44
201192.jpg,,ADT45,60.05
201193.jpg,,ADT45,42.92
201194.jpg,,ADT45,66.36
201195.jpg,,ADT45,58.47
201196.jpg,,Ponni,58.83
201197.jpg,,Onthanel,49.34
201198.jpg,,ADT45,65.72
201199.jpg,,ADT45,71.93
201200.jpg,,ADT45,72.35
201201.jpg,,Ponni,68.43
201202.jpg,,Ponni,59.5
201203.jpg,,ADT45,59.81
201204.jpg,,KarnatakaPonni,48.25
201205.jpg,,ADT45,71.32
201206.jpg,,ADT45,49.96
201207.jpg,,ADT45,74.15
201208.jpg,,ADT45,64.08
201209.jpg,,KarnatakaPonni,72.32
201210.jpg,,ADT45,58.96
201211.jpg,,ADT45,71.39
201212.jpg,,ADT45,69.8
201213.jpg,,Ponni,62.58
201214.jpg,,ADT45,71.07
201215.jpg,,ADT45,70.64
201216.jpg,,ADT45,71.39
201217.jpg,,KarnatakaPonni,74.71
201218.jpg,,AtchayaPonni,63.88
201219.jpg,,KarnatakaPonni,73.91
201220.jpg,,ADT45,69.24
201221.jpg,,ADT45,52.43
201222.jpg,,AtchayaPonni,59.02
201223.jpg,,ADT45,67.2
201224.jpg,,ADT45,60.4
201225.jpg,,ADT45,45.16
201226.jpg,,ADT45,48.57
201227.jpg,,AtchayaPonni,64.75
201228.jpg,,KarnatakaPonni,75.68
201229.jpg,,ADT45,73.05
201230.jpg,,ADT45,56.67
201231.jpg,,IR20,69.81
201232.jpg,,ADT45,70.31
201233.jpg,,ADT45,61.81
201234.jpg,,ADT45,49.7
201235.jpg,,ADT45,59.02
201236.jpg,,ADT45,65.54
201237.jpg,,Zonal,71.64
201238.jpg,,ADT45,70.12
201239.jpg,,ADT45,71.35
201240.jpg,,ADT45,52.95
201241.jpg,,Onthanel,68.87
201242.jpg,,ADT45,59.99
201243.jpg,,ADT45,55.28
201244.jpg,,RR,68.34
201245.jpg,,Onthanel,70.31
201246.jpg,,ADT45,62.22
201247.jpg,,Onthanel,59.4
201248.jpg,,ADT45,63.35
201249.jpg,,Zonal,74.75
201250.jpg,,ADT45,71.69
201251.jpg,,KarnatakaPonni,67.32
201252.jpg,,ADT45,41.55
201253.jpg,,ADT45,70.49
201254.jpg,,ADT45,59.42
201255.jpg,,AtchayaPonni,66.89
201256.jpg,,ADT45,64.0
201257.jpg,,ADT45,54.79
201258.jpg,,ADT45,69.09
201259.jpg,,Ponni,54.35
201260.jpg,,Onthanel,69.97
201261.jpg,,AtchayaPonni,66.25
201262.jpg,,ADT45,70.04
201263.jpg,,ADT45,63.16
201264.jpg,,ADT45,45.94
201265.jpg,,KarnatakaPonni,75.65
201266.jpg,,ADT45,60.54
201267.jpg,,ADT45,70.06
201268.jpg,,ADT45,70.29
201269.jpg,,Onthanel,68.39
201270.jpg,,ADT45,48.46
201271.jpg,,Zonal,70.24
201272.jpg,,ADT45,58.24
201273.jpg,,Onthanel,48.54
201274.jpg,,KarnatakaPonni,73.09
201275.jpg,,ADT45,59.72
201276.jpg,,ADT45,60.99
201277.jpg,,Ponni,78.8
201278.jpg,,ADT45,69.3
201279.jpg,,ADT45,73.48
201280.jpg,,Onthanel,68.73
201281.jpg,,KarnatakaPonni,54.66
201282.jpg,,ADT45,75.9
201283.jpg,,ADT45,71.92
201284.jpg,,KarnatakaPonni,57.12
201285.jpg,,ADT45,65.28
201286.jpg,,ADT45,67.74
201287.jpg,,ADT45,70.15
201288.jpg,,Ponni,58.32
201289.jpg,,ADT45,75.23
201290.jpg,,ADT45,71.58
201291.jpg,,ADT45,59.46
201292.jpg,,ADT45,50.96
201293.jpg,,IR20,70.36
201294.jpg,,ADT45,69.74
201295.jpg,,ADT45,70.22
201296.jpg,,AndraPonni,63.49
201297.jpg,,ADT45,68.2
201298.jpg,,KarnatakaPonni,75.15
201299.jpg,,ADT45,72.04
201300.jpg,,ADT45,69.32
201301.jpg,,Zonal,68.09
201302.jpg,,ADT45,70.73
201303.jpg,,ADT45,71.25
201304.jpg,,ADT45,69.15
201305.jpg,,Onthanel,68.81
201306.jpg,,ADT45,59.71
201307.jpg,,KarnatakaPonni,75.52
201308.jpg,,ADT45,69.1
201309.jpg,,ADT45,70.17
201310.jpg,,ADT45,70.04
201311.jpg,,KarnatakaPonni,71.49
201312.jpg,,ADT45,58.67
201313.jpg,,ADT45,58.7
201314.jpg,,ADT45,72.34
201315.jpg,,ADT45,56.79
201316.jpg,,KarnatakaPonni,49.51
201317.jpg,,ADT45,60.53
201318.jpg,,KarnatakaPonni,49.48
201319.jpg,,AndraPonni,64.48
201320.jpg,,Surya,45.11
201321.jpg,,ADT45,46.7
201322.jpg,,ADT45,58.66
201323.jpg,,Ponni,44.79
201324.jpg,,ADT45,70.04
201325.jpg,,ADT45,59.31
201326.jpg,,ADT45,57.73
201327.jpg,,ADT45,69.15
201328.jpg,,ADT45,44.25
201329.jpg,,ADT45,54.51
201330.jpg,,ADT45,59.42
201331.jpg,,ADT45,70.38
201332.jpg,,ADT45,61.17
201333.jpg,,ADT45,68.53
201334.jpg,,AtchayaPonni,44.97
201335.jpg,,Zonal,69.86
201336.jpg,,ADT45,71.99
201337.jpg,,Zonal,55.7
201338.jpg,,ADT45,71.32
201339.jpg,,ADT45,59.59
201340.jpg,,ADT45,70.05
201341.jpg,,ADT45,57.92
201342.jpg,,AtchayaPonni,54.25
201343.jpg,,ADT45,71.8
201344.jpg,,ADT45,73.08
201345.jpg,,KarnatakaPonni,73.81
201346.jpg,,ADT45,67.28
201347.jpg,,ADT45,58.01
201348.jpg,,Ponni,61.47
201349.jpg,,AtchayaPonni,54.1
201350.jpg,,ADT45,70.35
201351.jpg,,ADT45,56.19
201352.jpg,,AndraPonni,63.62
201353.jpg,,KarnatakaPonni,73.28
201354.jpg,,ADT45,71.18
201355.jpg,,Ponni,62.47
201356.jpg,,ADT45,68.91
201357.jpg,,ADT45,74.83
201358.jpg,,ADT45,71.21
201359.jpg,,ADT45,57.5
201360.jpg,,ADT45,49.11
201361.jpg,,Ponni,53.87
201362.jpg,,Onthanel,50.87
201363.jpg,,KarnatakaPonni,76.09
201364.jpg,,ADT45,72.93
201365.jpg,,ADT45,52.59
201366.jpg,,ADT45,71.68
201367.jpg,,KarnatakaPonni,75.81
201368.jpg,,AtchayaPonni,59.85
201369.jpg,,ADT45,65.91
201370.jpg,,ADT45,63.99
201371.jpg,,KarnatakaPonni,74.06
201372.jpg,,ADT45,69.31
201373.jpg,,ADT45,69.97
201374.jpg,,KarnatakaPonni,74.16
201375.jpg,,ADT45,49.59
201376.jpg,,KarnatakaPonni,74.26
201377.jpg,,Zonal,70.69
201378.jpg,,ADT45,71.1
201379.jpg,,ADT45,70.52
201380.jpg,,Ponni,61.27
201381.jpg,,ADT45,72.11
201382.jpg,,Ponni,45.78
201383.jpg,,ADT45,70.37
201384.jpg,,AndraPonni,63.21
201385.jpg,,AtchayaPonni,50.42
201386.jpg,,KarnatakaPonni,71.74
201387.jpg,,ADT45,60.42
201388.jpg,,ADT45,63.77
201389.jpg,,AndraPonni,44.99
201390.jpg,,Ponni,54.36
201391.jpg,,ADT45,52.04
201392.jpg,,AtchayaPonni,66.46
201393.jpg,,ADT45,68.34
201394.jpg,,ADT45,72.75
201395.jpg,,ADT45,65.72
201396.jpg,,ADT45,67.2
201397.jpg,,ADT45,60.2
201398.jpg,,ADT45,43.84
201399.jpg,,ADT45,72.6
201400.jpg,,ADT45,73.11
201401.jpg,,ADT45,71.73
201402.jpg,,ADT45,54.72
201403.jpg,,ADT45,64.68
201404.jpg,,Ponni,62.72
201405.jpg,,Zonal,70.83
201406.jpg,,ADT45,61.25
201407.jpg,,ADT45,70.12
201408.jpg,,ADT45,70.65
201409.jpg,,Ponni,69.05
201410.jpg,,ADT45,70.46
201411.jpg,,AndraPonni,63.12
201412.jpg,,ADT45,53.82
201413.jpg,,Onthanel,48.88
201414.jpg,,ADT45,72.95
201415.jpg,,AndraPonni,65.18
201416.jpg,,ADT45,69.3
201417.jpg,,AtchayaPonni,56.22
201418.jpg,,ADT45,69.89
201419.jpg,,AndraPonni,44.74
201420.jpg,,ADT45,72.56
201421.jpg,,ADT45,62.48
201422.jpg,,ADT45,74.09
201423.jpg,,KarnatakaPonni,75.25
201424.jpg,,ADT45,68.89
201425.jpg,,Onthanel,71.45
201426.jpg,,Zonal,69.23
201427.jpg,,KarnatakaPonni,74.2
201428.jpg,,ADT45,59.74
201429.jpg,,AtchayaPonni,65.5
201430.jpg,,ADT45,44.1
201431.jpg,,ADT45,59.86
201432.jpg,,AndraPonni,65.8
201433.jpg,,ADT45,66.38
201434.jpg,,ADT45,57.58
201435.jpg,,ADT45,70.44
201436.jpg,,AtchayaPonni,65.04
201437.jpg,,ADT45,71.08
201438.jpg,,ADT45,58.2
201439.jpg,,ADT45,57.41
201440.jpg,,ADT45,53.82
201441.jpg,,ADT45,71.86
201442.jpg,,ADT45,70.02
201443.jpg,,ADT45,52.53
201444.jpg,,ADT45,65.09
201445.jpg,,ADT45,59.43
201446.jpg,,ADT45,50.15
201447.jpg,,ADT45,58.9
201448.jpg,,ADT45,63.63
201449.jpg,,ADT45,71.39
201450.jpg,,ADT45,60.16
201451.jpg,,ADT45,67.9
201452.jpg,,ADT45,57.77
201453.jpg,,ADT45,58.86
201454.jpg,,ADT45,70.99
201455.jpg,,Onthanel,50.18
201456.jpg,,ADT45,58.93
201457.jpg,,KarnatakaPonni,73.79
201458.jpg,,ADT45,63.7
201459.jpg,,Ponni,56.92
201460.jpg,,KarnatakaPonni,73.74
201461.jpg,,AndraPonni,66.2
201462.jpg,,KarnatakaPonni,52.94
201463.jpg,,AtchayaPonni,56.41
201464.jpg,,ADT45,70.4
201465.jpg,,AndraPonni,64.36
201466.jpg,,ADT45,59.84
201467.jpg,,Zonal,55.38
201468.jpg,,ADT45,61.73
201469.jpg,,ADT45,61.21
201470.jpg,,ADT45,43.37
201471.jpg,,ADT45,63.55
201472.jpg,,ADT45,62.75
201473.jpg,,ADT45,68.75
201474.jpg,,AndraPonni,66.69
201475.jpg,,ADT45,51.43
201476.jpg,,KarnatakaPonni,73.62
201477.jpg,,ADT45,72.42
201478.jpg,,ADT45,69.8
201479.jpg,,ADT45,69.31
201480.jpg,,KarnatakaPonni,74.6
201481.jpg,,KarnatakaPonni,49.74
201482.jpg,,KarnatakaPonni,75.79
201483.jpg,,ADT45,67.63
201484.jpg,,ADT45,70.42
201485.jpg,,ADT45,70.27
201486.jpg,,ADT45,71.25
201487.jpg,,ADT45,46.58
201488.jpg,,ADT45,70.22
201489.jpg,,ADT45,74.22
201490.jpg,,ADT45,68.62
201491.jpg,,ADT45,70.57
201492.jpg,,ADT45,69.13
201493.jpg,,ADT45,46.34
201494.jpg,,ADT45,65.92
201495.jpg,,KarnatakaPonni,49.81
201496.jpg,,ADT45,59.32
201497.jpg,,ADT45,58.81
201498.jpg,,ADT45,54.05
201499.jpg,,ADT45,67.0
201500.jpg,,Surya,42.27
201501.jpg,,ADT45,63.6
201502.jpg,,ADT45,59.59
201503.jpg,,AndraPonni,46.09
201504.jpg,,ADT45,56.83
201505.jpg,,ADT45,72.58
201506.jpg,,ADT45,73.21
201507.jpg,,ADT45,54.05
201508.jpg,,Ponni,60.72
201509.jpg,,Ponni,46.72
201510.jpg,,KarnatakaPonni,49.69
201511.jpg,,ADT45,69.32
201512.jpg,,ADT45,67.99
201513.jpg,,ADT45,64.4
201514.jpg,,Onthanel,70.37
201515.jpg,,ADT45,63.35
201516.jpg,,AndraPonni,44.69
201517.jpg,,KarnatakaPonni,74.21
201518.jpg,,ADT45,73.78
201519.jpg,,AtchayaPonni,56.27
201520.jpg,,Zonal,69.49
201521.jpg,,ADT45,68.05
201522.jpg,,Onthanel,49.58
201523.jpg,,ADT45,70.69
201524.jpg,,ADT45,72.77
201525.jpg,,ADT45,70.84
201526.jpg,,ADT45,69.38
201527.jpg,,ADT45,69.38
201528.jpg,,ADT45,56.87
201529.jpg,,KarnatakaPonni,52.04
201530.jpg,,Ponni,54.29
201531.jpg,,AtchayaPonni,63.73
201532.jpg,,ADT45,48.95
201533.jpg,,Ponni,82.9
201534.jpg,,Zonal,69.32
201535.jpg,,KarnatakaPonni,74.6
201536.jpg,,AndraPonni,44.5
201537.jpg,,ADT45,72.24
201538.jpg,,ADT45,69.44
201539.jpg,,ADT45,66.96
201540.jpg,,ADT45,71.02
201541.jpg,,ADT45,70.39
201542.jpg,,ADT45,69.01
201543.jpg,,ADT45,48.21
201544.jpg,,AndraPonni,61.38
201545.jpg,,ADT45,61.15
201546.jpg,,KarnatakaPonni,51.31
201547.jpg,,ADT45,50.41
201548.jpg,,ADT45,59.32
201549.jpg,,ADT45,71.13
201550.jpg,,ADT45,70.08
201551.jpg,,KarnatakaPonni,70.73
201552.jpg,,ADT45,70.33
201553.jpg,,KarnatakaPonni,75.06
201554.jpg,,Zonal,69.82
201555.jpg,,AndraPonni,44.36
201556.jpg,,ADT45,72.81
201557.jpg,,ADT45,70.46
201558.jpg,,ADT45,59.65
201559.jpg,,KarnatakaPonni,73.18
201560.jpg,,ADT45,53.19
201561.jpg,,ADT45,48.33
201562.jpg,,ADT45,70.94
201563.jpg,,KarnatakaPonni,79.58
201564.jpg,,ADT45,69.75
201565.jpg,,ADT45,46.23
201566.jpg,,Onthanel,69.56
201567.jpg,,ADT45,70.52
201568.jpg,,AtchayaPonni,65.05
201569.jpg,,AtchayaPonni,58.14
201570.jpg,,ADT45,65.43
201571.jpg,,ADT45,63.49
201572.jpg,,ADT45,58.9
201573.jpg,,Ponni,58.79
201574.jpg,,Zonal,71.17
201575.jpg,,ADT45,68.84
201576.jpg,,ADT45,69.4
201577.jpg,,Ponni,45.0
201578.jpg,,ADT45,45.81
201579.jpg,,ADT45,69.61
201580.jpg,,ADT45,72.09
201581.jpg,,ADT45,69.36
201582.jpg,,ADT45,49.5
201583.jpg,,ADT45,44.38
201584.jpg,,ADT45,60.03
201585.jpg,,ADT45,66.78
201586.jpg,,ADT45,52.89
201587.jpg,,ADT45,69.79
201588.jpg,,Ponni,54.39
201589.jpg,,ADT45,71.02
201590.jpg,,ADT45,64.43
201591.jpg,,ADT45,71.45
201592.jpg,,ADT45,71.18
201593.jpg,,ADT45,71.48
201594.jpg,,KarnatakaPonni,72.87
201595.jpg,,ADT45,70.99
201596.jpg,,Ponni,60.32
201597.jpg,,ADT45,53.06
201598.jpg,,ADT45,71.05
201599.jpg,,AndraPonni,64.2
201600.jpg,,ADT45,68.58
201601.jpg,,ADT45,68.04
201602.jpg,,ADT45,48.17
201603.jpg,,KarnatakaPonni,73.54
201604.jpg,,AndraPonni,44.16
201605.jpg,,ADT45,71.35
201606.jpg,,ADT45,59.56
201607.jpg,,KarnatakaPonni,76.53
201608.jpg,,ADT45,69.37
201609.jpg,,ADT45,71.52
201610.jpg,,Zonal,67.56
201611.jpg,,ADT45,57.85
201612.jpg,,ADT45,69.37
201613.jpg,,ADT45,69.37
201614.jpg,,AtchayaPonni,64.08
201615.jpg,,ADT45,66.52
201616.jpg,,Onthanel,50.26
201617.jpg,,ADT45,55.99
201618.jpg,,KarnatakaPonni,74.77
201619.jpg,,Ponni,56.37
201620.jpg,,IR20,50.26
201621.jpg,,Onthanel,50.2
201622.jpg,,AtchayaPonni,64.3
201623.jpg,,ADT45,68.77
201624.jpg,,Ponni,59.13
201625.jpg,,AndraPonni,64.22
201626.jpg,,ADT45,59.22
201627.jpg,,ADT45,70.89
201628.jpg,,ADT45,71.68
201629.jpg,,ADT45,65.55
201630.jpg,,ADT45,56.14
201631.jpg,,Onthanel,70.39
201632.jpg,,AtchayaPonni,64.23
201633.jpg,,Onthanel,70.01
201634.jpg,,ADT45,72.1
201635.jpg,,ADT45,48.41
201636.jpg,,KarnatakaPonni,63.48
201637.jpg,,AtchayaPonni,58.46
201638.jpg,,ADT45,69.59
201639.jpg,,ADT45,58.23
201640.jpg,,Zonal,69.98
201641.jpg,,ADT45,46.36
201642.jpg,,ADT45,59.77
201643.jpg,,AtchayaPonni,66.8
201644.jpg,,ADT45,48.17
201645.jpg,,ADT45,71.39
201646.jpg,,ADT45,67.65
201647.jpg,,ADT45,60.07
201648.jpg,,ADT45,47.59
201649.jpg,,AtchayaPonni,56.21
201650.jpg,,ADT45,70.37
201651.jpg,,ADT45,69.96
201652.jpg,,Zonal,71.65
201653.jpg,,ADT45,54.59
201654.jpg,,ADT45,61.17
201655.jpg,,Ponni,45.28
201656.jpg,,Onthanel,47.65
201657.jpg,,ADT45,67.74
201658.jpg,,Ponni,59.71
201659.jpg,,ADT45,60.73
201660.jpg,,ADT45,47.78
201661.jpg,,KarnatakaPonni,75.77
201662.jpg,,ADT45,70.19
201663.jpg,,ADT45,68.97
201664.jpg,,ADT45,71.52
201665.jpg,,ADT45,44.87
201666.jpg,,ADT45,73.06
201667.jpg,,ADT45,69.8
201668.jpg,,ADT45,59.93
201669.jpg,,ADT45,64.89
201670.jpg,,ADT45,60.66
201671.jpg,,ADT45,70.02
201672.jpg,,ADT45,49.45
201673.jpg,,AndraPonni,45.21
201674.jpg,,ADT45,64.54
201675.jpg,,AtchayaPonni,47.63
201676.jpg,,ADT45,72.74
201677.jpg,,ADT45,61.3
201678.jpg,,ADT45,48.32
201679.jpg,,ADT45,57.54
201680.jpg,,ADT45,70.98
201681.jpg,,ADT45,70.01
201682.jpg,,ADT45,70.79
201683.jpg,,ADT45,61.77
201684.jpg,,ADT45,71.65
201685.jpg,,ADT45,49.15
201686.jpg,,KarnatakaPonni,73.74
201687.jpg,,Onthanel,48.89
201688.jpg,,KarnatakaPonni,62.24
201689.jpg,,Ponni,61.65
201690.jpg,,ADT45,54.59
201691.jpg,,ADT45,56.8
201692.jpg,,ADT45,66.78
201693.jpg,,ADT45,67.39
201694.jpg,,ADT45,59.54
201695.jpg,,ADT45,68.68
201696.jpg,,ADT45,53.76
201697.jpg,,ADT45,70.83
201698.jpg,,ADT45,67.66
201699.jpg,,ADT45,69.02
201700.jpg,,ADT45,73.37
201701.jpg,,ADT45,70.59
201702.jpg,,Zonal,68.76
201703.jpg,,ADT45,54.72
201704.jpg,,AtchayaPonni,66.04
201705.jpg,,Zonal,69.75
201706.jpg,,ADT45,72.77
201707.jpg,,IR20,69.27
201708.jpg,,ADT45,74.0
201709.jpg,,AtchayaPonni,46.06
201710.jpg,,ADT45,70.77
201711.jpg,,ADT45,63.14
201712.jpg,,ADT45,67.08
201713.jpg,,ADT45,68.47
201714.jpg,,ADT45,72.97
201715.jpg,,ADT45,62.36
201716.jpg,,ADT45,69.59
201717.jpg,,Onthanel,50.9
201718.jpg,,ADT45,53.61
201719.jpg,,ADT45,66.83
201720.jpg,,Ponni,45.49
201721.jpg,,RR,71.89
201722.jpg,,KarnatakaPonni,72.11
201723.jpg,,ADT45,68.63
201724.jpg,,ADT45,54.01
201725.jpg,,ADT45,68.51
201726.jpg,,ADT45,70.27
201727.jpg,,AtchayaPonni,63.3
201728.jpg,,ADT45,71.44
201729.jpg,,ADT45,44.13
201730.jpg,,AtchayaPonni,49.71
201731.jpg,,AndraPonni,45.22
201732.jpg,,AtchayaPonni,53.1
201733.jpg,,ADT45,50.73
201734.jpg,,KarnatakaPonni,76.72
201735.jpg,,KarnatakaPonni,62.17
201736.jpg,,ADT45,52.28
201737.jpg,,ADT45,51.09
201738.jpg,,ADT45,59.49
201739.jpg,,ADT45,71.23
201740.jpg,,ADT45,70.78
201741.jpg,,ADT45,66.16
201742.jpg,,ADT45,71.87
201743.jpg,,Zonal,71.05
201744.jpg,,ADT45,69.76
201745.jpg,,ADT45,59.36
201746.jpg,,AndraPonni,65.13
201747.jpg,,Onthanel,70.63
201748.jpg,,ADT45,71.57
201749.jpg,,ADT45,56.32
201750.jpg,,ADT45,72.46
201751.jpg,,ADT45,60.04
201752.jpg,,ADT45,59.81
201753.jpg,,ADT45,52.4
201754.jpg,,ADT45,68.29
201755.jpg,,Surya,45.62
201756.jpg,,ADT45,68.36
201757.jpg,,ADT45,70.18
201758.jpg,,ADT45,70.51
201759.jpg,,ADT45,49.46
201760.jpg,,Zonal,68.77
201761.jpg,,KarnatakaPonni,76.02
201762.jpg,,ADT45,59.46
201763.jpg,,ADT45,70.8
201764.jpg,,ADT45,66.56
201765.jpg,,ADT45,51.65
201766.jpg,,KarnatakaPonni,75.31
201767.jpg,,ADT45,75.35
201768.jpg,,Onthanel,52.0
201769.jpg,,ADT45,81.16
201770.jpg,,AtchayaPonni,45.44
201771.jpg,,ADT45,70.06
201772.jpg,,ADT45,65.14
201773.jpg,,ADT45,70.3
201774.jpg,,ADT45,72.53
201775.jpg,,ADT45,60.52
201776.jpg,,ADT45,69.58
201777.jpg,,Onthanel,49.36
201778.jpg,,ADT45,60.3
201779.jpg,,ADT45,49.84
201780.jpg,,ADT45,70.67
201781.jpg,,KarnatakaPonni,76.82
201782.jpg,,ADT45,59.51
201783.jpg,,ADT45,59.98
201784.jpg,,ADT45,79.2
201785.jpg,,ADT45,69.29
201786.jpg,,KarnatakaPonni,76.92
201787.jpg,,ADT45,71.38
201788.jpg,,KarnatakaPonni,75.7
201789.jpg,,KarnatakaPonni,76.15
201790.jpg,,ADT45,72.07
201791.jpg,,ADT45,70.35
201792.jpg,,ADT45,55.76
201793.jpg,,ADT45,72.66
201794.jpg,,ADT45,69.45
201795.jpg,,ADT45,63.99
201796.jpg,,ADT45,54.41
201797.jpg,,ADT45,71.27
201798.jpg,,ADT45,50.68
201799.jpg,,ADT45,70.84
201800.jpg,,ADT45,64.2
201801.jpg,,ADT45,56.31
201802.jpg,,ADT45,63.95
201803.jpg,,ADT45,70.06
201804.jpg,,ADT45,53.81
201805.jpg,,AtchayaPonni,49.9
201806.jpg,,AtchayaPonni,46.28
201807.jpg,,ADT45,50.16
201808.jpg,,ADT45,68.12
201809.jpg,,AndraPonni,43.63
201810.jpg,,ADT45,69.43
201811.jpg,,ADT45,68.83
201812.jpg,,ADT45,70.22
201813.jpg,,ADT45,50.92
201814.jpg,,Onthanel,50.06
201815.jpg,,ADT45,56.26
201816.jpg,,Zonal,71.72
201817.jpg,,ADT45,72.95
201818.jpg,,Ponni,47.49
201819.jpg,,Ponni,55.21
201820.jpg,,KarnatakaPonni,71.57
201821.jpg,,ADT45,72.33
201822.jpg,,ADT45,52.42
201823.jpg,,ADT45,60.86
201824.jpg,,IR20,69.95
201825.jpg,,AtchayaPonni,64.78
201826.jpg,,ADT45,61.35
201827.jpg,,ADT45,71.16
201828.jpg,,Ponni,46.88
201829.jpg,,KarnatakaPonni,49.79
201830.jpg,,ADT45,68.55
201831.jpg,,ADT45,71.56
201832.jpg,,ADT45,69.74
201833.jpg,,ADT45,64.49
201834.jpg,,ADT45,70.39
201835.jpg,,ADT45,67.22
201836.jpg,,KarnatakaPonni,71.06
201837.jpg,,ADT45,67.93
201838.jpg,,ADT45,70.16
201839.jpg,,ADT45,64.46
201840.jpg,,ADT45,61.25
201841.jpg,,AndraPonni,65.15
201842.jpg,,ADT45,69.6
201843.jpg,,AtchayaPonni,64.74
201844.jpg,,ADT45,73.16
201845.jpg,,AndraPonni,63.99
201846.jpg,,Ponni,59.12
201847.jpg,,KarnatakaPonni,74.74
201848.jpg,,KarnatakaPonni,68.07
201849.jpg,,ADT45,61.45
201850.jpg,,ADT45,70.35
201851.jpg,,Ponni,59.17
201852.jpg,,ADT45,55.24
201853.jpg,,KarnatakaPonni,48.59
201854.jpg,,ADT45,66.94
201855.jpg,,ADT45,60.92
201856.jpg,,ADT45,68.1
201857.jpg,,ADT45,67.72
201858.jpg,,ADT45,59.59
201859.jpg,,ADT45,68.41
201860.jpg,,AtchayaPonni,57.71
201861.jpg,,ADT45,60.37
201862.jpg,,ADT45,71.05
201863.jpg,,ADT45,54.16
201864.jpg,,ADT45,59.75
201865.jpg,,ADT45,69.83
201866.jpg,,ADT45,60.33
201867.jpg,,AtchayaPonni,55.99
201868.jpg,,ADT45,52.02
201869.jpg,,ADT45,72.62
201870.jpg,,ADT45,71.24
201871.jpg,,ADT45,54.47
201872.jpg,,ADT45,70.74
201873.jpg,,ADT45,70.04
201874.jpg,,ADT45,66.96
201875.jpg,,ADT45,72.94
201876.jpg,,KarnatakaPonni,76.22
201877.jpg,,ADT45,59.79
201878.jpg,,ADT45,69.15
201879.jpg,,Onthanel,70.31
201880.jpg,,ADT45,67.36
201881.jpg,,KarnatakaPonni,75.23
201882.jpg,,AndraPonni,45.23
201883.jpg,,ADT45,69.58
201884.jpg,,ADT45,71.34
201885.jpg,,KarnatakaPonni,75.12
201886.jpg,,ADT45,60.77
201887.jpg,,Ponni,54.43
201888.jpg,,ADT45,68.97
201889.jpg,,Onthanel,70.39
201890.jpg,,Zonal,68.67
201891.jpg,,AtchayaPonni,63.68
201892.jpg,,ADT45,66.98
201893.jpg,,ADT45,66.69
201894.jpg,,Ponni,77.82
201895.jpg,,ADT45,60.0
201896.jpg,,ADT45,56.25
201897.jpg,,ADT45,59.22
201898.jpg,,ADT45,59.86
201899.jpg,,Zonal,68.2
201900.jpg,,ADT45,70.52
201901.jpg,,ADT45,69.11
201902.jpg,,AndraPonni,64.64
201903.jpg,,ADT45,71.0
201904.jpg,,ADT45,77.21
201905.jpg,,ADT45,67.31
201906.jpg,,ADT45,74.42
201907.jpg,,Onthanel,48.84
201908.jpg,,Zonal,68.61
201909.jpg,,ADT45,58.97
201910.jpg,,ADT45,62.34
201911.jpg,,AndraPonni,47.23
201912.jpg,,ADT45,76.37
201913.jpg,,ADT45,65.08
201914.jpg,,ADT45,48.75
201915.jpg,,KarnatakaPonni,75.78
201916.jpg,,ADT45,63.24
201917.jpg,,ADT45,70.46
201918.jpg,,AndraPonni,67.59
201919.jpg,,ADT45,69.98
201920.jpg,,ADT45,67.11
201921.jpg,,Onthanel,72.12
201922.jpg,,Zonal,70.44
201923.jpg,,ADT45,59.97
201924.jpg,,RR,70.7
201925.jpg,,ADT45,60.22
201926.jpg,,Zonal,53.65
201927.jpg,,Zonal,70.18
201928.jpg,,ADT45,66.47
201929.jpg,,AtchayaPonni,65.65
201930.jpg,,ADT45,69.84
201931.jpg,,ADT45,70.95
201932.jpg,,ADT45,70.75
201933.jpg,,Zonal,54.71
201934.jpg,,ADT45,59.45
201935.jpg,,ADT45,59.25
201936.jpg,,ADT45,61.29
201937.jpg,,ADT45,68.37
201938.jpg,,AndraPonni,64.89
201939.jpg,,KarnatakaPonni,74.88
201940.jpg,,ADT45,59.32
201941.jpg,,ADT45,70.45
201942.jpg,,ADT45,70.21
201943.jpg,,ADT45,69.95
201944.jpg,,Zonal,71.72
201945.jpg,,ADT45,68.48
201946.jpg,,ADT45,69.81
201947.jpg,,ADT45,71.57
201948.jpg,,Onthanel,50.45
201949.jpg,,ADT45,73.84
201950.jpg,,ADT45,70.14
201951.jpg,,ADT45,70.0
201952.jpg,,Ponni,58.37
201953.jpg,,IR20,69.68
201954.jpg,,ADT45,57.66
201955.jpg,,IR20,70.1
201956.jpg,,ADT45,69.02
201957.jpg,,ADT45,58.6
201958.jpg,,ADT45,63.51
201959.jpg,,ADT45,70.32
201960.jpg,,Onthanel,68.54
201961.jpg,,ADT45,68.29
201962.jpg,,ADT45,71.64
201963.jpg,,IR20,50.83
201964.jpg,,Ponni,57.18
201965.jpg,,KarnatakaPonni,48.68
201966.jpg,,ADT45,62.06
201967.jpg,,Zonal,70.46
201968.jpg,,ADT45,70.46
201969.jpg,,ADT45,65.85
201970.jpg,,ADT45,71.07
201971.jpg,,AtchayaPonni,50.13
201972.jpg,,ADT45,59.86
201973.jpg,,AtchayaPonni,46.71
201974.jpg,,AndraPonni,65.27
201975.jpg,,KarnatakaPonni,74.25
201976.jpg,,ADT45,49.41
201977.jpg,,Onthanel,72.72
201978.jpg,,ADT45,68.81
201979.jpg,,ADT45,61.54
201980.jpg,,KarnatakaPonni,50.09
201981.jpg,,ADT45,59.47
201982.jpg,,ADT45,67.31
201983.jpg,,ADT45,60.06
201984.jpg,,ADT45,69.43
201985.jpg,,ADT45,64.85
201986.jpg,,ADT45,60.61
201987.jpg,,IR20,70.03
201988.jpg,,AtchayaPonni,65.21
201989.jpg,,Ponni,52.39
201990.jpg,,ADT45,59.03
201991.jpg,,ADT45,70.13
201992.jpg,,ADT45,60.03
201993.jpg,,ADT45,59.88
201994.jpg,,AndraPonni,65.03
201995.jpg,,ADT45,69.17
201996.jpg,,ADT45,49.6
201997.jpg,,ADT45,62.77
201998.jpg,,ADT45,59.56
201999.jpg,,ADT45,66.31
202000.jpg,,Zonal,70.21
202001.jpg,,ADT45,65.7
202002.jpg,,Ponni,56.18
202003.jpg,,Ponni,58.99
202004.jpg,,KarnatakaPonni,75.74
202005.jpg,,ADT45,70.41
202006.jpg,,ADT45,67.35
202007.jpg,,ADT45,71.24
202008.jpg,,Onthanel,67.2
202009.jpg,,ADT45,57.72
202010.jpg,,Ponni,45.37
202011.jpg,,ADT45,53.11
202012.jpg,,ADT45,60.42
202013.jpg,,ADT45,48.7
202014.jpg,,ADT45,68.93
202015.jpg,,ADT45,59.7
202016.jpg,,ADT45,71.84
202017.jpg,,ADT45,68.86
202018.jpg,,KarnatakaPonni,75.05
202019.jpg,,Ponni,60.14
202020.jpg,,KarnatakaPonni,74.95
202021.jpg,,ADT45,42.27
202022.jpg,,ADT45,58.05
202023.jpg,,Ponni,57.95
202024.jpg,,ADT45,65.08
202025.jpg,,KarnatakaPonni,73.02
202026.jpg,,ADT45,59.24
202027.jpg,,ADT45,71.36
202028.jpg,,AndraPonni,63.33
202029.jpg,,ADT45,70.01
202030.jpg,,KarnatakaPonni,49.52
202031.jpg,,ADT45,46.71
202032.jpg,,Ponni,53.15
202033.jpg,,ADT45,63.97
202034.jpg,,ADT45,71.91
202035.jpg,,ADT45,67.09
202036.jpg,,ADT45,59.26
202037.jpg,,ADT45,60.43
202038.jpg,,ADT45,67.74
202039.jpg,,KarnatakaPonni,72.02
202040.jpg,,ADT45,60.37
202041.jpg,,ADT45,55.72
202042.jpg,,Onthanel,69.97
202043.jpg,,ADT45,60.03
202044.jpg,,Ponni,79.42
202045.jpg,,ADT45,70.63
202046.jpg,,ADT45,59.7
202047.jpg,,ADT45,72.78
202048.jpg,,ADT45,69.59
202049.jpg,,AtchayaPonni,65.85
202050.jpg,,ADT45,56.15
202051.jpg,,ADT45,69.71
202052.jpg,,KarnatakaPonni,75.6
202053.jpg,,ADT45,65.67
202054.jpg,,Ponni,64.29
202055.jpg,,ADT45,59.8
202056.jpg,,ADT45,68.96
202057.jpg,,KarnatakaPonni,63.14
202058.jpg,,ADT45,70.04
202059.jpg,,Zonal,67.38
202060.jpg,,ADT45,70.59
202061.jpg,,ADT45,66.17
202062.jpg,,Onthanel,50.7
202063.jpg,,KarnatakaPonni,74.61
202064.jpg,,ADT45,74.8
202065.jpg,,ADT45,57.09
202066.jpg,,ADT45,73.03
202067.jpg,,ADT45,69.44
202068.jpg,,ADT45,55.88
202069.jpg,,ADT45,52.61
202070.jpg,,ADT45,59.42
202071.jpg,,Zonal,72.34
202072.jpg,,ADT45,69.77
202073.jpg,,Ponni,57.6
202074.jpg,,ADT45,63.82
202075.jpg,,ADT45,65.87
202076.jpg,,Ponni,60.23
202077.jpg,,AtchayaPonni,63.91
202078.jpg,,Zonal,54.53
202079.jpg,,ADT45,59.99
202080.jpg,,KarnatakaPonni,73.4
202081.jpg,,ADT45,66.73
202082.jpg,,ADT45,68.4
202083.jpg,,KarnatakaPonni,76.76
202084.jpg,,ADT45,80.3
202085.jpg,,Ponni,61.0
202086.jpg,,ADT45,70.72
202087.jpg,,AndraPonni,63.55
202088.jpg,,Ponni,57.69
202089.jpg,,ADT45,61.05
202090.jpg,,ADT45,70.58
202091.jpg,,Ponni,57.97
202092.jpg,,ADT45,49.38
202093.jpg,,ADT45,71.38
202094.jpg,,ADT45,59.26
202095.jpg,,ADT45,60.18
202096.jpg,,ADT45,70.26
202097.jpg,,Ponni,80.94
202098.jpg,,ADT45,60.28
202099.jpg,,ADT45,55.94
202100.jpg,,ADT45,63.06
202101.jpg,,ADT45,70.81
202102.jpg,,ADT45,66.08
202103.jpg,,ADT45,59.79
202104.jpg,,ADT45,59.3
202105.jpg,,ADT45,59.06
202106.jpg,,AtchayaPonni,52.11
202107.jpg,,ADT45,70.15
202108.jpg,,ADT45,71.66
202109.jpg,,ADT45,69.04
202110.jpg,,Onthanel,70.1
202111.jpg,,Ponni,61.7
202112.jpg,,IR20,70.15
202113.jpg,,Zonal,69.96
202114.jpg,,ADT45,60.8
202115.jpg,,ADT45,60.25
202116.jpg,,Onthanel,70.12
202117.jpg,,Ponni,54.84
202118.jpg,,Ponni,77.07
202119.jpg,,ADT45,69.37
202120.jpg,,ADT45,70.09
202121.jpg,,AtchayaPonni,63.81
202122.jpg,,ADT45,59.17
202123.jpg,,Ponni,60.16
202124.jpg,,ADT45,70.56
202125.jpg,,ADT45,71.0
202126.jpg,,ADT45,69.27
202127.jpg,,ADT45,60.09
202128.jpg,,ADT45,67.55
202129.jpg,,ADT45,64.23
202130.jpg,,ADT45,72.03
202131.jpg,,IR20,48.74
202132.jpg,,KarnatakaPonni,66.29
202133.jpg,,AtchayaPonni,55.27
202134.jpg,,ADT45,71.55
202135.jpg,,ADT45,70.85
202136.jpg,,ADT45,77.98
202137.jpg,,ADT45,71.32
202138.jpg,,AtchayaPonni,44.89
202139.jpg,,ADT45,60.09
202140.jpg,,ADT45,70.13
202141.jpg,,ADT45,68.91
202142.jpg,,ADT45,67.93
202143.jpg,,ADT45,67.77
202144.jpg,,KarnatakaPonni,49.57
202145.jpg,,ADT45,71.96
202146.jpg,,ADT45,63.36
202147.jpg,,ADT45,69.18
202148.jpg,,ADT45,59.57
202149.jpg,,ADT45,67.7
202150.jpg,,Ponni,79.56
202151.jpg,,ADT45,72.59
202152.jpg,,ADT45,70.16
202153.jpg,,Onthanel,69.21
202154.jpg,,AndraPonni,63.53
202155.jpg,,ADT45,70.41
202156.jpg,,Zonal,69.52
202157.jpg,,ADT45,59.93
202158.jpg,,AtchayaPonni,66.08
202159.jpg,,ADT45,58.8
202160.jpg,,ADT45,69.83
202161.jpg,,AndraPonni,63.1
202162.jpg,,KarnatakaPonni,75.92
202163.jpg,,ADT45,45.07
202164.jpg,,Zonal,54.29
202165.jpg,,ADT45,44.55
202166.jpg,,ADT45,45.23
202167.jpg,,ADT45,76.25
202168.jpg,,ADT45,70.49
202169.jpg,,ADT45,58.2
202170.jpg,,ADT45,58.48
202171.jpg,,Ponni,64.45
202172.jpg,,ADT45,49.42
202173.jpg,,Ponni,60.24
202174.jpg,,Ponni,56.08
202175.jpg,,KarnatakaPonni,74.4
202176.jpg,,KarnatakaPonni,75.2
202177.jpg,,ADT45,70.52
202178.jpg,,ADT45,63.27
202179.jpg,,ADT45,49.85
202180.jpg,,ADT45,70.74
202181.jpg,,ADT45,59.35
202182.jpg,,AndraPonni,46.68
202183.jpg,,ADT45,51.74
202184.jpg,,Zonal,55.04
202185.jpg,,ADT45,68.52
202186.jpg,,Ponni,54.35
202187.jpg,,ADT45,68.21
202188.jpg,,Ponni,45.29
202189.jpg,,AndraPonni,45.23
202190.jpg,,ADT45,69.8
202191.jpg,,KarnatakaPonni,65.72
202192.jpg,,RR,68.04
202193.jpg,,ADT45,56.81
202194.jpg,,ADT45,58.66
202195.jpg,,ADT45,70.19
202196.jpg,,ADT45,67.88
202197.jpg,,ADT45,62.59
202198.jpg,,KarnatakaPonni,74.38
202199.jpg,,Ponni,46.7
202200.jpg,,ADT45,72.94
202201.jpg,,ADT45,71.38
202202.jpg,,ADT45,69.49
202203.jpg,,ADT45,74.02
202204.jpg,,ADT45,66.08
202205.jpg,,ADT45,60.57
202206.jpg,,KarnatakaPonni,75.03
202207.jpg,,ADT45,69.67
202208.jpg,,ADT45,72.01
202209.jpg,,ADT45,68.95
202210.jpg,,Ponni,58.82
202211.jpg,,Ponni,61.31
202212.jpg,,ADT45,76.09
202213.jpg,,KarnatakaPonni,50.19
202214.jpg,,ADT45,51.35
202215.jpg,,AtchayaPonni,57.73
202216.jpg,,ADT45,69.7
202217.jpg,,ADT45,60.63
202218.jpg,,ADT45,61.94
202219.jpg,,ADT45,58.4
202220.jpg,,ADT45,69.12
202221.jpg,,Onthanel,71.08
202222.jpg,,KarnatakaPonni,75.54
202223.jpg,,ADT45,69.03
202224.jpg,,ADT45,44.14
202225.jpg,,KarnatakaPonni,76.63
202226.jpg,,ADT45,62.46
202227.jpg,,ADT45,70.59
202228.jpg,,ADT45,72.33
202229.jpg,,ADT45,61.82
202230.jpg,,ADT45,68.85
202231.jpg,,KarnatakaPonni,70.46
202232.jpg,,ADT45,71.21
202233.jpg,,ADT45,67.4
202234.jpg,,ADT45,60.42
202235.jpg,,KarnatakaPonni,75.33
202236.jpg,,ADT45,50.0
202237.jpg,,Zonal,70.1
202238.jpg,,KarnatakaPonni,47.18
202239.jpg,,ADT45,58.73
202240.jpg,,ADT45,58.34
202241.jpg,,ADT45,70.67
202242.jpg,,ADT45,69.54
202243.jpg,,ADT45,63.96
202244.jpg,,ADT45,47.6
202245.jpg,,Zonal,71.88
202246.jpg,,KarnatakaPonni,74.63
202247.jpg,,ADT45,55.72
202248.jpg,,ADT45,67.14
202249.jpg,,ADT45,55.27
202250.jpg,,ADT45,65.01
202251.jpg,,KarnatakaPonni,75.59
202252.jpg,,ADT45,55.0
202253.jpg,,KarnatakaPonni,75.24
202254.jpg,,Ponni,59.87
202255.jpg,,ADT45,69.99
202256.jpg,,ADT45,70.16
202257.jpg,,ADT45,61.64
202258.jpg,,ADT45,57.15
202259.jpg,,ADT45,75.03
202260.jpg,,Zonal,72.64
202261.jpg,,ADT45,44.22
202262.jpg,,ADT45,66.18
202263.jpg,,Ponni,81.78
202264.jpg,,AtchayaPonni,49.98
202265.jpg,,ADT45,59.64
202266.jpg,,AndraPonni,66.8
202267.jpg,,ADT45,64.86
202268.jpg,,IR20,45.62
202269.jpg,,ADT45,71.43
202270.jpg,,Ponni,60.51
202271.jpg,,ADT45,55.12
202272.jpg,,ADT45,68.72
202273.jpg,,Ponni,46.94
202274.jpg,,Onthanel,71.78
202275.jpg,,KarnatakaPonni,50.19
202276.jpg,,ADT45,60.95
202277.jpg,,ADT45,71.66
202278.jpg,,ADT45,56.29
202279.jpg,,ADT45,71.75
202280.jpg,,ADT45,54.15
202281.jpg,,AndraPonni,67.95
202282.jpg,,KarnatakaPonni,64.49
202283.jpg,,ADT45,69.73
202284.jpg,,Ponni,58.69
202285.jpg,,ADT45,71.64
202286.jpg,,ADT45,68.79
202287.jpg,,ADT45,47.01
202288.jpg,,ADT45,69.84
202289.jpg,,ADT45,72.18
202290.jpg,,Ponni,58.19
202291.jpg,,ADT45,60.3
202292.jpg,,ADT45,67.29
202293.jpg,,ADT45,66.69
202294.jpg,,ADT45,60.53
202295.jpg,,ADT45,71.39
202296.jpg,,AtchayaPonni,65.44
202297.jpg,,ADT45,69.75
202298.jpg,,KarnatakaPonni,74.32
202299.jpg,,ADT45,54.23
202300.jpg,,ADT45,70.04
202301.jpg,,AndraPonni,64.47
202302.jpg,,ADT45,57.57
202303.jpg,,ADT45,67.28
202304.jpg,,AtchayaPonni,64.52
202305.jpg,,IR20,49.2
202306.jpg,,Ponni,80.79
202307.jpg,,Onthanel,50.35
202308.jpg,,Onthanel,70.69
202309.jpg,,Zonal,70.23
202310.jpg,,Ponni,54.75
202311.jpg,,Ponni,58.21
202312.jpg,,ADT45,60.75
202313.jpg,,ADT45,56.91
202314.jpg,,ADT45,57.02
202315.jpg,,ADT45,64.15
202316.jpg,,ADT45,49.89
202317.jpg,,ADT45,69.17
202318.jpg,,ADT45,67.12
202319.jpg,,ADT45,76.13
202320.jpg,,ADT45,59.46
202321.jpg,,Onthanel,70.82
202322.jpg,,ADT45,70.45
202323.jpg,,ADT45,69.41
202324.jpg,,ADT45,59.77
202325.jpg,,ADT45,62.05
202326.jpg,,ADT45,69.31
202327.jpg,,ADT45,50.03
202328.jpg,,ADT45,61.76
202329.jpg,,Ponni,59.67
202330.jpg,,ADT45,71.5
202331.jpg,,ADT45,71.6
202332.jpg,,ADT45,67.2
202333.jpg,,ADT45,69.91
202334.jpg,,Ponni,45.27
202335.jpg,,ADT45,48.98
202336.jpg,,ADT45,60.37
202337.jpg,,ADT45,57.36
202338.jpg,,KarnatakaPonni,50.87
202339.jpg,,Onthanel,70.62
202340.jpg,,AndraPonni,44.48
202341.jpg,,Onthanel,52.3
202342.jpg,,ADT45,69.43
202343.jpg,,ADT45,68.9
202344.jpg,,ADT45,67.78
202345.jpg,,ADT45,58.95
202346.jpg,,ADT45,45.36
202347.jpg,,AtchayaPonni,62.56
202348.jpg,,ADT45,46.97
202349.jpg,,ADT45,59.97
202350.jpg,,ADT45,69.26
202351.jpg,,Surya,44.53
202352.jpg,,AtchayaPonni,63.42
202353.jpg,,ADT45,71.27
202354.jpg,,ADT45,67.27
202355.jpg,,Ponni,79.98
202356.jpg,,Ponni,55.34
202357.jpg,,ADT45,67.41
202358.jpg,,ADT45,68.1
202359.jpg,,AndraPonni,64.84
202360.jpg,,Zonal,70.45
202361.jpg,,ADT45,59.32
202362.jpg,,ADT45,61.32
202363.jpg,,ADT45,72.2
202364.jpg,,ADT45,60.13
202365.jpg,,ADT45,72.3
202366.jpg,,ADT45,78.33
202367.jpg,,Onthanel,62.59
202368.jpg,,KarnatakaPonni,72.84
202369.jpg,,ADT45,59.88
202370.jpg,,ADT45,56.52
202371.jpg,,ADT45,48.5
202372.jpg,,ADT45,60.03
202373.jpg,,ADT45,50.47
202374.jpg,,Onthanel,50.42
202375.jpg,,ADT45,72.54
202376.jpg,,Ponni,57.72
202377.jpg,,KarnatakaPonni,51.42
202378.jpg,,ADT45,69.73
202379.jpg,,ADT45,52.16
202380.jpg,,Ponni,56.99
202381.jpg,,ADT45,66.29
202382.jpg,,Onthanel,50.98
202383.jpg,,AtchayaPonni,64.45
202384.jpg,,Ponni,54.88
202385.jpg,,ADT45,63.4
202386.jpg,,ADT45,70.06
202387.jpg,,ADT45,58.84
202388.jpg,,ADT45,49.83
202389.jpg,,Onthanel,49.91
202390.jpg,,AndraPonni,64.3
202391.jpg,,ADT45,69.43
202392.jpg,,Zonal,71.02
202393.jpg,,ADT45,69.24
202394.jpg,,ADT45,70.64
202395.jpg,,Zonal,71.09
202396.jpg,,ADT45,72.62
202397.jpg,,ADT45,63.4
202398.jpg,,ADT45,59.94
202399.jpg,,ADT45,70.08
202400.jpg,,KarnatakaPonni,73.68
202401.jpg,,Zonal,70.07
202402.jpg,,ADT45,70.58
202403.jpg,,KarnatakaPonni,75.69
202404.jpg,,Zonal,67.34
202405.jpg,,ADT45,71.26
202406.jpg,,ADT45,72.48
202407.jpg,,ADT45,68.26
202408.jpg,,AndraPonni,65.14
202409.jpg,,ADT45,68.09
202410.jpg,,ADT45,72.35
202411.jpg,,KarnatakaPonni,51.49
202412.jpg,,ADT45,55.95
202413.jpg,,KarnatakaPonni,72.48
202414.jpg,,ADT45,59.72
202415.jpg,,ADT45,67.18
202416.jpg,,ADT45,52.32
202417.jpg,,ADT45,64.18
202418.jpg,,Ponni,75.82
202419.jpg,,Onthanel,71.02
202420.jpg,,ADT45,66.47
202421.jpg,,Onthanel,69.93
202422.jpg,,ADT45,52.1
202423.jpg,,ADT45,57.57
202424.jpg,,ADT45,60.88
202425.jpg,,KarnatakaPonni,51.46
202426.jpg,,ADT45,62.43
202427.jpg,,ADT45,68.15
202428.jpg,,KarnatakaPonni,75.37
202429.jpg,,ADT45,70.25
202430.jpg,,ADT45,69.53
202431.jpg,,Ponni,47.64
202432.jpg,,IR20,47.09
202433.jpg,,ADT45,72.55
202434.jpg,,ADT45,59.93
202435.jpg,,ADT45,52.06
202436.jpg,,ADT45,59.09
202437.jpg,,ADT45,53.64
202438.jpg,,ADT45,64.51
202439.jpg,,ADT45,48.03
202440.jpg,,ADT45,70.07
202441.jpg,,KarnatakaPonni,69.57
202442.jpg,,ADT45,46.74
202443.jpg,,Ponni,47.36
202444.jpg,,ADT45,66.21
202445.jpg,,ADT45,69.98
202446.jpg,,Onthanel,74.52
202447.jpg,,Onthanel,72.62
202448.jpg,,ADT45,62.57
202449.jpg,,ADT45,67.35
202450.jpg,,ADT45,50.85
202451.jpg,,Ponni,76.22
202452.jpg,,ADT45,70.81
202453.jpg,,ADT45,54.94
202454.jpg,,ADT45,69.06
202455.jpg,,ADT45,69.55
202456.jpg,,ADT45,67.89
202457.jpg,,Onthanel,72.09
202458.jpg,,ADT45,48.67
202459.jpg,,IR20,72.35
202460.jpg,,KarnatakaPonni,73.73
202461.jpg,,Ponni,60.68
202462.jpg,,ADT45,57.85
202463.jpg,,ADT45,68.61
202464.jpg,,ADT45,71.35
202465.jpg,,ADT45,70.32
202466.jpg,,AndraPonni,45.39
202467.jpg,,KarnatakaPonni,77.49
202468.jpg,,ADT45,66.2
202469.jpg,,ADT45,63.26
202470.jpg,,AndraPonni,64.64
202471.jpg,,ADT45,69.81
202472.jpg,,ADT45,55.56
202473.jpg,,ADT45,68.39
202474.jpg,,ADT45,69.83
202475.jpg,,ADT45,70.27
202476.jpg,,ADT45,71.15
202477.jpg,,ADT45,62.23
202478.jpg,,Ponni,57.3
202479.jpg,,ADT45,50.4
202480.jpg,,AndraPonni,64.93
202481.jpg,,ADT45,48.63
202482.jpg,,ADT45,70.92
202483.jpg,,ADT45,56.16
202484.jpg,,ADT45,60.37
202485.jpg,,ADT45,70.99
202486.jpg,,Ponni,59.33
202487.jpg,,ADT45,71.2
202488.jpg,,Ponni,60.03
202489.jpg,,ADT45,69.59
202490.jpg,,Ponni,57.37
202491.jpg,,ADT45,71.04
202492.jpg,,ADT45,59.57
202493.jpg,,ADT45,71.46
202494.jpg,,ADT45,48.75
202495.jpg,,ADT45,69.48
202496.jpg,,KarnatakaPonni,73.78
202497.jpg,,KarnatakaPonni,70.54
202498.jpg,,ADT45,59.07
202499.jpg,,ADT45,48.8
202500.jpg,,AtchayaPonni,64.22
202501.jpg,,ADT45,60.82
202502.jpg,,ADT45,60.31
202503.jpg,,ADT45,50.0
202504.jpg,,ADT45,66.02
202505.jpg,,ADT45,55.08
202506.jpg,,ADT45,70.66
202507.jpg,,ADT45,70.0
202508.jpg,,Zonal,55.08
202509.jpg,,ADT45,67.16
202510.jpg,,AtchayaPonni,49.53
202511.jpg,,AtchayaPonni,49.7
202512.jpg,,Ponni,46.96
202513.jpg,,ADT45,67.93
202514.jpg,,ADT45,60.02
202515.jpg,,Onthanel,69.98
202516.jpg,,ADT45,71.75
202517.jpg,,ADT45,70.98
202518.jpg,,ADT45,44.53
202519.jpg,,ADT45,70.86
202520.jpg,,ADT45,71.58
202521.jpg,,ADT45,67.22
202522.jpg,,AndraPonni,66.19
202523.jpg,,ADT45,66.27
202524.jpg,,ADT45,52.77
202525.jpg,,ADT45,71.25
202526.jpg,,AtchayaPonni,49.22
202527.jpg,,ADT45,71.45
202528.jpg,,ADT45,71.79
202529.jpg,,ADT45,73.71
202530.jpg,,ADT45,56.45
202531.jpg,,AtchayaPonni,65.4
202532.jpg,,ADT45,68.33
202533.jpg,,ADT45,60.16
202534.jpg,,AndraPonni,45.45
202535.jpg,,ADT45,66.05
202536.jpg,,ADT45,72.81
202537.jpg,,ADT45,69.84
202538.jpg,,ADT45,74.99
202539.jpg,,Zonal,51.82
202540.jpg,,ADT45,66.23
202541.jpg,,Zonal,69.64
202542.jpg,,ADT45,67.59
202543.jpg,,KarnatakaPonni,77.33
202544.jpg,,ADT45,56.67
202545.jpg,,ADT45,66.57
202546.jpg,,ADT45,70.05
202547.jpg,,AndraPonni,67.85
202548.jpg,,ADT45,76.68
202549.jpg,,IR20,73.84
202550.jpg,,ADT45,66.82
202551.jpg,,ADT45,59.25
202552.jpg,,ADT45,51.87
202553.jpg,,ADT45,70.38
202554.jpg,,ADT45,77.41
202555.jpg,,KarnatakaPonni,73.82
202556.jpg,,ADT45,68.34
202557.jpg,,ADT45,70.7
202558.jpg,,AndraPonni,68.25
202559.jpg,,ADT45,49.19
202560.jpg,,KarnatakaPonni,71.67
202561.jpg,,ADT45,59.49
202562.jpg,,AndraPonni,63.8
202563.jpg,,AtchayaPonni,64.35
202564.jpg,,ADT45,59.59
202565.jpg,,ADT45,70.7
202566.jpg,,ADT45,63.91
202567.jpg,,Ponni,60.29
202568.jpg,,ADT45,65.6
202569.jpg,,ADT45,59.68
202570.jpg,,ADT45,70.52
202571.jpg,,KarnatakaPonni,75.55
202572.jpg,,ADT45,63.09
202573.jpg,,ADT45,73.23
202574.jpg,,ADT45,70.24
202575.jpg,,ADT45,72.4
202576.jpg,,ADT45,68.03
202577.jpg,,ADT45,49.49
202578.jpg,,ADT45,67.7
202579.jpg,,ADT45,58.85
202580.jpg,,Ponni,60.27
202581.jpg,,ADT45,54.18
202582.jpg,,ADT45,71.83
202583.jpg,,ADT45,53.71
202584.jpg,,KarnatakaPonni,74.12
202585.jpg,,ADT45,69.69
202586.jpg,,ADT45,59.92
202587.jpg,,KarnatakaPonni,75.46
202588.jpg,,KarnatakaPonni,70.55
202589.jpg,,Onthanel,69.96
202590.jpg,,ADT45,69.55
202591.jpg,,ADT45,59.69
202592.jpg,,ADT45,60.57
202593.jpg,,ADT45,69.86
202594.jpg,,ADT45,81.68
202595.jpg,,AndraPonni,65.88
202596.jpg,,ADT45,72.48
202597.jpg,,ADT45,60.73
202598.jpg,,ADT45,69.88
202599.jpg,,AtchayaPonni,58.71
202600.jpg,,ADT45,54.24
202601.jpg,,ADT45,70.23
202602.jpg,,ADT45,71.19
202603.jpg,,ADT45,65.64
202604.jpg,,Zonal,67.05
202605.jpg,,Onthanel,51.64
202606.jpg,,ADT45,67.56
202607.jpg,,ADT45,59.07
202608.jpg,,AtchayaPonni,64.47
202609.jpg,,AtchayaPonni,64.8
202610.jpg,,Zonal,66.64
202611.jpg,,AndraPonni,62.79
202612.jpg,,ADT45,59.31
202613.jpg,,RR,72.15
202614.jpg,,KarnatakaPonni,74.88
202615.jpg,,ADT45,69.82
202616.jpg,,ADT45,59.48
202617.jpg,,ADT45,74.93
202618.jpg,,ADT45,54.03
202619.jpg,,ADT45,69.73
202620.jpg,,AtchayaPonni,65.75
202621.jpg,,ADT45,70.49
202622.jpg,,ADT45,69.83
202623.jpg,,ADT45,71.84
202624.jpg,,ADT45,64.97
202625.jpg,,ADT45,55.23
202626.jpg,,ADT45,70.7
202627.jpg,,ADT45,57.6
202628.jpg,,ADT45,70.84
202629.jpg,,ADT45,69.19
202630.jpg,,ADT45,58.32
202631.jpg,,AndraPonni,61.76
202632.jpg,,ADT45,67.08
202633.jpg,,ADT45,73.12
202634.jpg,,ADT45,73.05
202635.jpg,,ADT45,76.52
202636.jpg,,AndraPonni,66.18
202637.jpg,,ADT45,71.6
202638.jpg,,ADT45,69.53
202639.jpg,,ADT45,59.84
202640.jpg,,ADT45,68.19
202641.jpg,,Zonal,69.84
202642.jpg,,Zonal,55.1
202643.jpg,,Ponni,78.33
202644.jpg,,AndraPonni,63.01
202645.jpg,,ADT45,59.8
202646.jpg,,ADT45,70.39
202647.jpg,,AndraPonni,65.17
202648.jpg,,ADT45,70.83
202649.jpg,,Ponni,47.52
202650.jpg,,ADT45,70.95
202651.jpg,,RR,70.5
202652.jpg,,ADT45,70.01
202653.jpg,,ADT45,47.45
202654.jpg,,ADT45,46.02
202655.jpg,,ADT45,68.59
202656.jpg,,KarnatakaPonni,75.51
202657.jpg,,ADT45,70.89
202658.jpg,,ADT45,69.93
202659.jpg,,ADT45,69.97
202660.jpg,,ADT45,69.66
202661.jpg,,ADT45,60.14
202662.jpg,,ADT45,59.82
202663.jpg,,ADT45,51.46
202664.jpg,,KarnatakaPonni,48.59
202665.jpg,,ADT45,69.59
202666.jpg,,RR,70.67
202667.jpg,,ADT45,67.08
202668.jpg,,Zonal,70.61
202669.jpg,,ADT45,66.06
202670.jpg,,KarnatakaPonni,75.08
202671.jpg,,AndraPonni,65.7
202672.jpg,,ADT45,61.09
202673.jpg,,ADT45,70.94
202674.jpg,,ADT45,68.97
202675.jpg,,ADT45,46.17
202676.jpg,,ADT45,59.7
202677.jpg,,ADT45,69.86
202678.jpg,,KarnatakaPonni,71.56
202679.jpg,,ADT45,72.17
202680.jpg,,ADT45,69.87
202681.jpg,,ADT45,66.61
202682.jpg,,ADT45,71.45
202683.jpg,,AndraPonni,45.9
202684.jpg,,ADT45,59.95
202685.jpg,,ADT45,68.73
202686.jpg,,AtchayaPonni,49.45
202687.jpg,,ADT45,56.65
202688.jpg,,ADT45,71.58
202689.jpg,,ADT45,70.75
202690.jpg,,AtchayaPonni,64.16
202691.jpg,,ADT45,51.78
202692.jpg,,ADT45,59.28
202693.jpg,,ADT45,70.18
202694.jpg,,AndraPonni,66.55
202695.jpg,,ADT45,69.65
202696.jpg,,AtchayaPonni,65.51
202697.jpg,,KarnatakaPonni,48.71
202698.jpg,,ADT45,49.64
202699.jpg,,Ponni,78.17
202700.jpg,,ADT45,59.7
202701.jpg,,ADT45,63.06
202702.jpg,,ADT45,70.72
202703.jpg,,Onthanel,64.59
202704.jpg,,Zonal,70.47
202705.jpg,,ADT45,67.38
202706.jpg,,Zonal,71.86
202707.jpg,,ADT45,64.96
202708.jpg,,ADT45,74.15
202709.jpg,,ADT45,72.62
202710.jpg,,KarnatakaPonni,48.78
202711.jpg,,Onthanel,70.97
202712.jpg,,ADT45,48.68
202713.jpg,,KarnatakaPonni,74.97
202714.jpg,,ADT45,71.18
202715.jpg,,ADT45,71.18
202716.jpg,,ADT45,59.58
202717.jpg,,ADT45,62.06
202718.jpg,,Onthanel,50.39
202719.jpg,,ADT45,69.96
202720.jpg,,AndraPonni,66.29
202721.jpg,,ADT45,70.79
202722.jpg,,ADT45,56.27
202723.jpg,,ADT45,62.16
202724.jpg,,ADT45,68.03
202725.jpg,,AtchayaPonni,63.07
202726.jpg,,AtchayaPonni,64.77
202727.jpg,,Ponni,79.11
202728.jpg,,ADT45,61.05
202729.jpg,,ADT45,70.23
202730.jpg,,ADT45,71.14
202731.jpg,,ADT45,61.9
202732.jpg,,ADT45,70.55
202733.jpg,,ADT45,58.65
202734.jpg,,ADT45,70.16
202735.jpg,,KarnatakaPonni,75.03
202736.jpg,,ADT45,72.2
202737.jpg,,ADT45,72.02
202738.jpg,,ADT45,65.59
202739.jpg,,Zonal,71.56
202740.jpg,,ADT45,70.68
202741.jpg,,ADT45,60.88
202742.jpg,,ADT45,73.82
202743.jpg,,ADT45,60.04
202744.jpg,,KarnatakaPonni,49.19
202745.jpg,,ADT45,69.46
202746.jpg,,ADT45,63.87
202747.jpg,,ADT45,68.2
202748.jpg,,ADT45,62.59
202749.jpg,,ADT45,48.85
202750.jpg,,AndraPonni,45.33
202751.jpg,,ADT45,51.61
202752.jpg,,ADT45,59.65
202753.jpg,,AndraPonni,65.4
202754.jpg,,ADT45,65.86
202755.jpg,,Zonal,70.52
202756.jpg,,KarnatakaPonni,74.81
202757.jpg,,ADT45,61.79
202758.jpg,,ADT45,70.4
202759.jpg,,AtchayaPonni,66.01
202760.jpg,,KarnatakaPonni,50.31
202761.jpg,,KarnatakaPonni,75.49
202762.jpg,,KarnatakaPonni,75.21
202763.jpg,,ADT45,71.33
202764.jpg,,Ponni,50.36
202765.jpg,,ADT45,51.64
202766.jpg,,AndraPonni,44.59
202767.jpg,,AndraPonni,65.08
202768.jpg,,ADT45,70.24
202769.jpg,,ADT45,44.73
202770.jpg,,ADT45,69.65
202771.jpg,,ADT45,70.15
202772.jpg,,KarnatakaPonni,75.6
202773.jpg,,ADT45,70.07
202774.jpg,,Zonal,53.14
202775.jpg,,ADT45,68.64
202776.jpg,,ADT45,71.88
202777.jpg,,ADT45,54.5
202778.jpg,,ADT45,60.88
202779.jpg,,KarnatakaPonni,70.65
202780.jpg,,KarnatakaPonni,50.75
202781.jpg,,ADT45,70.91
202782.jpg,,ADT45,45.84
202783.jpg,,ADT45,68.78
202784.jpg,,ADT45,59.47
202785.jpg,,ADT45,70.75
202786.jpg,,ADT45,50.8
202787.jpg,,ADT45,70.66
202788.jpg,,KarnatakaPonni,73.99
202789.jpg,,ADT45,73.01
202790.jpg,,ADT45,61.04
202791.jpg,,ADT45,64.32
202792.jpg,,ADT45,70.07
202793.jpg,,ADT45,60.75
202794.jpg,,ADT45,70.18
202795.jpg,,KarnatakaPonni,74.41
202796.jpg,,Surya,45.82
202797.jpg,,ADT45,72.86
202798.jpg,,ADT45,59.46
202799.jpg,,ADT45,53.97
202800.jpg,,Zonal,67.64
202801.jpg,,ADT45,60.08
202802.jpg,,ADT45,47.84
202803.jpg,,ADT45,68.75
202804.jpg,,ADT45,61.05
202805.jpg,,ADT45,52.89
202806.jpg,,ADT45,53.66
202807.jpg,,ADT45,71.89
202808.jpg,,ADT45,69.92
202809.jpg,,ADT45,70.02
202810.jpg,,ADT45,67.71
202811.jpg,,ADT45,71.44
202812.jpg,,KarnatakaPonni,71.82
202813.jpg,,ADT45,60.2
202814.jpg,,ADT45,70.45
202815.jpg,,RR,67.97
202816.jpg,,Ponni,55.73
202817.jpg,,ADT45,50.23
202818.jpg,,IR20,69.84
202819.jpg,,ADT45,59.95
202820.jpg,,ADT45,69.64
202821.jpg,,KarnatakaPonni,73.42
202822.jpg,,KarnatakaPonni,67.59
202823.jpg,,KarnatakaPonni,76.33
202824.jpg,,ADT45,48.91
202825.jpg,,ADT45,49.13
202826.jpg,,ADT45,69.78
202827.jpg,,KarnatakaPonni,74.77
202828.jpg,,ADT45,49.49
202829.jpg,,ADT45,57.58
202830.jpg,,AndraPonni,64.7
202831.jpg,,ADT45,66.34
202832.jpg,,ADT45,74.07
202833.jpg,,ADT45,70.65
202834.jpg,,ADT45,71.03
202835.jpg,,Ponni,64.86
202836.jpg,,ADT45,68.57
202837.jpg,,ADT45,53.75
202838.jpg,,KarnatakaPonni,75.7
202839.jpg,,ADT45,72.01
202840.jpg,,Ponni,83.24
202841.jpg,,ADT45,42.36
202842.jpg,,Onthanel,67.9
202843.jpg,,Ponni,55.84
202844.jpg,,ADT45,69.19
202845.jpg,,ADT45,71.59
202846.jpg,,KarnatakaPonni,74.4
202847.jpg,,ADT45,70.86
202848.jpg,,ADT45,72.42
202849.jpg,,Ponni,60.17
202850.jpg,,ADT45,60.54
202851.jpg,,ADT45,66.24
202852.jpg,,ADT45,59.99
202853.jpg,,ADT45,69.67
202854.jpg,,KarnatakaPonni,47.13
202855.jpg,,ADT45,54.41
202856.jpg,,ADT45,57.06
202857.jpg,,ADT45,49.65
202858.jpg,,ADT45,59.38
202859.jpg,,ADT45,70.08
202860.jpg,,ADT45,59.23
202861.jpg,,Ponni,76.57
202862.jpg,,KarnatakaPonni,75.31
202863.jpg,,ADT45,47.84
202864.jpg,,ADT45,65.15
202865.jpg,,AndraPonni,65.96
202866.jpg,,ADT45,53.64
202867.jpg,,ADT45,71.43
202868.jpg,,ADT45,68.31
202869.jpg,,ADT45,67.45
202870.jpg,,AndraPonni,65.86
202871.jpg,,ADT45,43.3
202872.jpg,,Ponni,54.75
202873.jpg,,AtchayaPonni,56.76
202874.jpg,,ADT45,68.86
202875.jpg,,ADT45,69.5
202876.jpg,,Ponni,61.77
202877.jpg,,ADT45,56.76
202878.jpg,,ADT45,60.82
202879.jpg,,ADT45,62.35
202880.jpg,,ADT45,67.73
202881.jpg,,KarnatakaPonni,75.89
202882.jpg,,ADT45,70.34
202883.jpg,,ADT45,73.11
202884.jpg,,ADT45,71.52
202885.jpg,,Zonal,55.22
202886.jpg,,ADT45,70.26
202887.jpg,,ADT45,66.35
202888.jpg,,ADT45,67.12
202889.jpg,,RR,64.01
202890.jpg,,ADT45,65.75
202891.jpg,,ADT45,70.69
202892.jpg,,ADT45,56.49
202893.jpg,,KarnatakaPonni,73.13
202894.jpg,,ADT45,48.23
202895.jpg,,ADT45,59.64
202896.jpg,,ADT45,70.28
202897.jpg,,Ponni,79.49
202898.jpg,,ADT45,68.7
202899.jpg,,ADT45,68.25
202900.jpg,,ADT45,67.1
202901.jpg,,KarnatakaPonni,71.24
202902.jpg,,ADT45,70.06
202903.jpg,,ADT45,71.13
202904.jpg,,ADT45,69.81
202905.jpg,,AtchayaPonni,58.73
202906.jpg,,ADT45,80.22
202907.jpg,,ADT45,69.56
202908.jpg,,ADT45,69.61
202909.jpg,,KarnatakaPonni,73.28
202910.jpg,,Zonal,70.07
202911.jpg,,ADT45,69.41
202912.jpg,,ADT45,70.21
202913.jpg,,ADT45,48.51
202914.jpg,,ADT45,69.17
202915.jpg,,ADT45,70.97
202916.jpg,,ADT45,67.5
202917.jpg,,AndraPonni,65.24
202918.jpg,,ADT45,50.36
202919.jpg,,ADT45,67.58
202920.jpg,,ADT45,70.36
202921.jpg,,ADT45,66.96
202922.jpg,,ADT45,66.34
202923.jpg,,Zonal,72.12
202924.jpg,,ADT45,70.84
202925.jpg,,ADT45,70.06
202926.jpg,,IR20,69.21
202927.jpg,,ADT45,69.74
202928.jpg,,ADT45,49.5
202929.jpg,,ADT45,69.29
202930.jpg,,ADT45,74.7
202931.jpg,,AtchayaPonni,43.98
202932.jpg,,ADT45,70.61
202933.jpg,,ADT45,59.89
202934.jpg,,KarnatakaPonni,75.75
202935.jpg,,KarnatakaPonni,69.83
202936.jpg,,ADT45,53.25
202937.jpg,,IR20,68.31
202938.jpg,,ADT45,71.5
202939.jpg,,KarnatakaPonni,46.33
202940.jpg,,ADT45,70.12
202941.jpg,,ADT45,71.1
202942.jpg,,AndraPonni,64.62
202943.jpg,,ADT45,70.34
202944.jpg,,KarnatakaPonni,74.15
202945.jpg,,ADT45,61.29
202946.jpg,,ADT45,57.72
202947.jpg,,ADT45,71.08
202948.jpg,,KarnatakaPonni,76.06
202949.jpg,,ADT45,72.12
202950.jpg,,ADT45,63.72
202951.jpg,,ADT45,72.2
202952.jpg,,ADT45,68.98
202953.jpg,,Ponni,80.64
202954.jpg,,ADT45,73.26
202955.jpg,,ADT45,51.64
202956.jpg,,Ponni,78.55
202957.jpg,,ADT45,58.04
202958.jpg,,ADT45,60.2
202959.jpg,,ADT45,54.11
202960.jpg,,ADT45,70.39
202961.jpg,,AndraPonni,66.41
202962.jpg,,ADT45,72.75
202963.jpg,,IR20,68.33
202964.jpg,,ADT45,65.77
202965.jpg,,ADT45,49.4
202966.jpg,,ADT45,63.57
202967.jpg,,Ponni,79.18
202968.jpg,,AtchayaPonni,47.86
202969.jpg,,KarnatakaPonni,74.74
202970.jpg,,ADT45,70.9
202971.jpg,,ADT45,72.96
202972.jpg,,Onthanel,50.19
202973.jpg,,ADT45,60.58
202974.jpg,,Ponni,46.3
202975.jpg,,ADT45,58.4
202976.jpg,,AtchayaPonni,65.17
202977.jpg,,ADT45,49.3
202978.jpg,,ADT45,70.27
202979.jpg,,ADT45,69.7
202980.jpg,,KarnatakaPonni,50.04
202981.jpg,,Onthanel,48.89
202982.jpg,,ADT45,60.17
202983.jpg,,KarnatakaPonni,75.9
202984.jpg,,ADT45,71.06
202985.jpg,,Onthanel,47.98
202986.jpg,,ADT45,70.22
202987.jpg,,ADT45,59.42
202988.jpg,,ADT45,69.85
202989.jpg,,ADT45,60.43
202990.jpg,,ADT45,69.42
202991.jpg,,ADT45,70.17
202992.jpg,,AndraPonni,63.81
202993.jpg,,ADT45,65.69
202994.jpg,,KarnatakaPonni,75.7
202995.jpg,,ADT45,63.02
202996.jpg,,KarnatakaPonni,50.79
202997.jpg,,ADT45,63.98
202998.jpg,,ADT45,69.77
202999.jpg,,ADT45,69.47
203000.jpg,,KarnatakaPonni,76.34
203001.jpg,,Ponni,72.13
203002.jpg,,ADT45,60.86
203003.jpg,,ADT45,69.72
203004.jpg,,ADT45,70.55
203005.jpg,,ADT45,70.29
203006.jpg,,ADT45,70.6
203007.jpg,,ADT45,59.75
203008.jpg,,ADT45,65.89
203009.jpg,,ADT45,59.29
203010.jpg,,Zonal,70.62
203011.jpg,,ADT45,68.42
203012.jpg,,Zonal,53.62
203013.jpg,,ADT45,44.7
203014.jpg,,ADT45,69.15
203015.jpg,,ADT45,55.84
203016.jpg,,ADT45,70.47
203017.jpg,,ADT45,65.81
203018.jpg,,Onthanel,70.16
203019.jpg,,AtchayaPonni,55.92
203020.jpg,,ADT45,69.08
203021.jpg,,ADT45,67.14
203022.jpg,,ADT45,50.82
203023.jpg,,AndraPonni,61.53
203024.jpg,,ADT45,70.55
203025.jpg,,ADT45,70.89
203026.jpg,,Ponni,54.98
203027.jpg,,Ponni,46.57
203028.jpg,,ADT45,49.69
203029.jpg,,AtchayaPonni,48.66
203030.jpg,,IR20,68.88
203031.jpg,,Zonal,70.57
203032.jpg,,ADT45,54.38
203033.jpg,,ADT45,69.14
203034.jpg,,ADT45,58.26
203035.jpg,,Ponni,48.48
203036.jpg,,ADT45,51.54
203037.jpg,,AndraPonni,64.79
203038.jpg,,KarnatakaPonni,73.31
203039.jpg,,KarnatakaPonni,64.22
203040.jpg,,Zonal,69.78
203041.jpg,,ADT45,69.83
203042.jpg,,ADT45,59.42
203043.jpg,,ADT45,69.52
203044.jpg,,ADT45,69.99
203045.jpg,,ADT45,69.54
203046.jpg,,ADT45,58.67
203047.jpg,,ADT45,70.21
203048.jpg,,Zonal,53.58
203049.jpg,,ADT45,48.42
203050.jpg,,KarnatakaPonni,69.49
203051.jpg,,KarnatakaPonni,76.13
203052.jpg,,ADT45,60.77
203053.jpg,,Zonal,71.9
203054.jpg,,ADT45,59.07
203055.jpg,,AndraPonni,61.82
203056.jpg,,AtchayaPonni,70.78
203057.jpg,,ADT45,58.33
203058.jpg,,ADT45,50.52
203059.jpg,,ADT45,69.51
203060.jpg,,ADT45,65.23
203061.jpg,,AtchayaPonni,66.69
203062.jpg,,KarnatakaPonni,75.73
203063.jpg,,ADT45,55.41
203064.jpg,,Onthanel,70.42
203065.jpg,,ADT45,70.65
203066.jpg,,ADT45,70.27
203067.jpg,,ADT45,67.46
203068.jpg,,RR,63.63
203069.jpg,,ADT45,58.84
203070.jpg,,ADT45,70.86
203071.jpg,,ADT45,72.47
203072.jpg,,ADT45,66.53
203073.jpg,,AtchayaPonni,64.62
203074.jpg,,ADT45,66.81
203075.jpg,,KarnatakaPonni,68.48
203076.jpg,,Zonal,69.4
203077.jpg,,ADT45,63.73
203078.jpg,,AtchayaPonni,50.95
203079.jpg,,AtchayaPonni,65.34
203080.jpg,,ADT45,58.99
203081.jpg,,Zonal,70.02
203082.jpg,,Ponni,58.03
203083.jpg,,AtchayaPonni,64.94
203084.jpg,,ADT45,57.54
203085.jpg,,ADT45,57.36
203086.jpg,,ADT45,70.26
203087.jpg,,Onthanel,50.7
203088.jpg,,ADT45,71.67
203089.jpg,,ADT45,50.6
203090.jpg,,ADT45,74.06
203091.jpg,,AndraPonni,63.62
203092.jpg,,ADT45,69.9
203093.jpg,,ADT45,49.69
203094.jpg,,Zonal,71.04
203095.jpg,,ADT45,70.58
203096.jpg,,KarnatakaPonni,75.42
203097.jpg,,KarnatakaPonni,75.71
203098.jpg,,ADT45,70.27
203099.jpg,,ADT45,70.35
203100.jpg,,AtchayaPonni,55.07
203101.jpg,,ADT45,58.93
203102.jpg,,KarnatakaPonni,71.03
203103.jpg,,KarnatakaPonni,48.88
203104.jpg,,ADT45,70.47
203105.jpg,,ADT45,70.72
203106.jpg,,ADT45,70.64
203107.jpg,,ADT45,72.74
203108.jpg,,ADT45,70.11
203109.jpg,,Onthanel,69.65
203110.jpg,,IR20,68.9
203111.jpg,,Ponni,55.81
203112.jpg,,Onthanel,70.02
203113.jpg,,KarnatakaPonni,76.29
203114.jpg,,Ponni,68.11
203115.jpg,,ADT45,59.07
203116.jpg,,ADT45,47.47
203117.jpg,,ADT45,71.67
203118.jpg,,ADT45,48.38
203119.jpg,,Onthanel,50.1
203120.jpg,,ADT45,69.65
203121.jpg,,Onthanel,68.97
203122.jpg,,ADT45,70.92
203123.jpg,,ADT45,70.17
203124.jpg,,ADT45,51.11
203125.jpg,,Onthanel,50.15
203126.jpg,,Ponni,60.38
203127.jpg,,ADT45,62.59
203128.jpg,,IR20,49.11
203129.jpg,,ADT45,72.96
203130.jpg,,ADT45,70.35
203131.jpg,,Zonal,72.15
203132.jpg,,ADT45,61.57
203133.jpg,,IR20,47.13
203134.jpg,,ADT45,58.83
203135.jpg,,Onthanel,49.23
203136.jpg,,Zonal,69.65
203137.jpg,,ADT45,71.55
203138.jpg,,ADT45,54.16
203139.jpg,,ADT45,71.81
203140.jpg,,ADT45,70.27
203141.jpg,,KarnatakaPonni,69.46
203142.jpg,,ADT45,69.25
203143.jpg,,ADT45,72.68
203144.jpg,,ADT45,65.96
203145.jpg,,ADT45,48.89
203146.jpg,,AndraPonni,64.73
203147.jpg,,ADT45,58.41
203148.jpg,,ADT45,69.12
203149.jpg,,ADT45,67.27
203150.jpg,,ADT45,60.47
203151.jpg,,AtchayaPonni,50.76
203152.jpg,,IR20,70.67
203153.jpg,,ADT45,74.37
203154.jpg,,ADT45,70.1
203155.jpg,,Ponni,54.89
203156.jpg,,ADT45,55.62
203157.jpg,,ADT45,70.64
203158.jpg,,ADT45,67.74
203159.jpg,,ADT45,78.51
203160.jpg,,ADT45,61.83
203161.jpg,,ADT45,68.75
203162.jpg,,Ponni,80.54
203163.jpg,,ADT45,51.75
203164.jpg,,ADT45,67.62
203165.jpg,,KarnatakaPonni,74.51
203166.jpg,,Zonal,69.84
203167.jpg,,ADT45,58.1
203168.jpg,,ADT45,56.52
203169.jpg,,ADT45,60.23
203170.jpg,,ADT45,49.13
203171.jpg,,ADT45,71.27
203172.jpg,,ADT45,81.03
203173.jpg,,ADT45,70.24
203174.jpg,,ADT45,78.44
203175.jpg,,Ponni,59.54
203176.jpg,,ADT45,58.98
203177.jpg,,ADT45,67.84
203178.jpg,,KarnatakaPonni,75.72
203179.jpg,,ADT45,70.64
203180.jpg,,Ponni,53.43
203181.jpg,,KarnatakaPonni,74.69
203182.jpg,,ADT45,59.07
203183.jpg,,AtchayaPonni,65.84
203184.jpg,,ADT45,70.94
203185.jpg,,ADT45,72.37
203186.jpg,,IR20,49.41
203187.jpg,,ADT45,59.85
203188.jpg,,KarnatakaPonni,51.54
203189.jpg,,ADT45,73.14
203190.jpg,,Ponni,50.82
203191.jpg,,KarnatakaPonni,72.13
203192.jpg,,KarnatakaPonni,76.04
203193.jpg,,ADT45,66.53
203194.jpg,,ADT45,55.46
203195.jpg,,ADT45,73.4
203196.jpg,,AndraPonni,44.04
203197.jpg,,ADT45,71.53
203198.jpg,,ADT45,62.36
203199.jpg,,ADT45,69.48
203200.jpg,,ADT45,70.28
203201.jpg,,ADT45,67.54
203202.jpg,,ADT45,73.07
203203.jpg,,Ponni,82.18
203204.jpg,,ADT45,68.23
203205.jpg,,Ponni,66.46
203206.jpg,,ADT45,68.53
203207.jpg,,ADT45,69.79
203208.jpg,,ADT45,69.63
203209.jpg,,Zonal,55.17
203210.jpg,,KarnatakaPonni,50.56
203211.jpg,,ADT45,58.79
203212.jpg,,KarnatakaPonni,71.1
203213.jpg,,Zonal,69.75
203214.jpg,,ADT45,46.38
203215.jpg,,ADT45,75.69
203216.jpg,,Ponni,80.08
203217.jpg,,AndraPonni,42.56
203218.jpg,,ADT45,56.03
203219.jpg,,ADT45,69.76
203220.jpg,,ADT45,66.97
203221.jpg,,Zonal,69.43
203222.jpg,,AtchayaPonni,65.0
203223.jpg,,KarnatakaPonni,52.36
203224.jpg,,KarnatakaPonni,75.2
203225.jpg,,ADT45,55.71
203226.jpg,,ADT45,43.83
203227.jpg,,ADT45,68.14
203228.jpg,,ADT45,48.05
203229.jpg,,ADT45,70.61
203230.jpg,,KarnatakaPonni,48.2
203231.jpg,,ADT45,70.28
203232.jpg,,ADT45,73.33
203233.jpg,,ADT45,65.84
203234.jpg,,AtchayaPonni,61.09
203235.jpg,,ADT45,56.83
203236.jpg,,ADT45,70.36
203237.jpg,,ADT45,61.23
203238.jpg,,ADT45,51.77
203239.jpg,,AtchayaPonni,55.28
203240.jpg,,Onthanel,60.14
203241.jpg,,Zonal,69.86
203242.jpg,,KarnatakaPonni,76.28
203243.jpg,,ADT45,44.71
203244.jpg,,ADT45,59.31
203245.jpg,,ADT45,52.54
203246.jpg,,ADT45,58.25
203247.jpg,,ADT45,73.06
203248.jpg,,Surya,44.82
203249.jpg,,Ponni,63.81
203250.jpg,,ADT45,58.22
203251.jpg,,AtchayaPonni,65.22
203252.jpg,,ADT45,70.47
203253.jpg,,ADT45,70.87
203254.jpg,,ADT45,69.59
203255.jpg,,ADT45,48.8
203256.jpg,,ADT45,51.17
203257.jpg,,ADT45,56.06
203258.jpg,,ADT45,61.4
203259.jpg,,ADT45,73.42
203260.jpg,,AtchayaPonni,66.4
203261.jpg,,Zonal,68.6
203262.jpg,,ADT45,71.08
203263.jpg,,Ponni,46.34
203264.jpg,,ADT45,61.18
203265.jpg,,ADT45,70.14
203266.jpg,,ADT45,72.19
203267.jpg,,Ponni,78.23
203268.jpg,,KarnatakaPonni,49.3
203269.jpg,,ADT45,46.74
203270.jpg,,ADT45,69.02
203271.jpg,,ADT45,71.14
203272.jpg,,Ponni,60.55
203273.jpg,,ADT45,48.42
203274.jpg,,ADT45,68.02
203275.jpg,,ADT45,71.01
203276.jpg,,ADT45,70.42
203277.jpg,,ADT45,71.24
203278.jpg,,ADT45,71.7
203279.jpg,,KarnatakaPonni,69.48
203280.jpg,,ADT45,70.41
203281.jpg,,ADT45,70.02
203282.jpg,,ADT45,58.9
203283.jpg,,Ponni,59.67
203284.jpg,,ADT45,56.58
203285.jpg,,ADT45,70.76
203286.jpg,,Ponni,54.96
203287.jpg,,ADT45,70.19
203288.jpg,,ADT45,67.34
203289.jpg,,KarnatakaPonni,74.31
203290.jpg,,ADT45,61.22
203291.jpg,,ADT45,68.25
203292.jpg,,ADT45,49.27
203293.jpg,,ADT45,72.84
203294.jpg,,KarnatakaPonni,75.28
203295.jpg,,ADT45,57.97
203296.jpg,,ADT45,70.57
203297.jpg,,Surya,44.38
203298.jpg,,ADT45,72.42
203299.jpg,,ADT45,72.26
203300.jpg,,KarnatakaPonni,75.78
203301.jpg,,ADT45,65.86
203302.jpg,,ADT45,71.64
203303.jpg,,ADT45,66.94
203304.jpg,,ADT45,60.8
203305.jpg,,ADT45,60.37
203306.jpg,,Onthanel,51.0
203307.jpg,,ADT45,71.57
203308.jpg,,Zonal,71.73
203309.jpg,,ADT45,61.21
203310.jpg,,ADT45,68.52
203311.jpg,,ADT45,66.2
203312.jpg,,ADT45,70.73
203313.jpg,,Ponni,58.6
203314.jpg,,AtchayaPonni,50.49
203315.jpg,,ADT45,68.54
203316.jpg,,AtchayaPonni,55.61
203317.jpg,,ADT45,70.56
203318.jpg,,AtchayaPonni,65.83
203319.jpg,,Ponni,76.54
203320.jpg,,ADT45,68.82
203321.jpg,,IR20,50.32
203322.jpg,,ADT45,49.55
203323.jpg,,KarnatakaPonni,48.47
203324.jpg,,KarnatakaPonni,53.82
203325.jpg,,ADT45,69.05
203326.jpg,,KarnatakaPonni,76.53
203327.jpg,,KarnatakaPonni,71.93
203328.jpg,,ADT45,72.19
203329.jpg,,ADT45,69.03
203330.jpg,,ADT45,67.59
203331.jpg,,ADT45,71.43
203332.jpg,,ADT45,60.78
203333.jpg,,IR20,68.88
203334.jpg,,Ponni,60.73
203335.jpg,,ADT45,70.98
203336.jpg,,ADT45,60.63
203337.jpg,,Ponni,78.63
203338.jpg,,KarnatakaPonni,75.36
203339.jpg,,KarnatakaPonni,49.17
203340.jpg,,KarnatakaPonni,75.23
203341.jpg,,ADT45,71.8
203342.jpg,,Zonal,70.04
203343.jpg,,Ponni,77.29
203344.jpg,,Onthanel,68.88
203345.jpg,,ADT45,58.49
203346.jpg,,AtchayaPonni,65.7
203347.jpg,,Ponni,59.55
203348.jpg,,ADT45,75.37
203349.jpg,,ADT45,75.54
203350.jpg,,ADT45,58.86
203351.jpg,,ADT45,45.22
203352.jpg,,Ponni,46.16
203353.jpg,,KarnatakaPonni,77.02
203354.jpg,,ADT45,70.05
203355.jpg,,ADT45,66.45
203356.jpg,,ADT45,69.68
203357.jpg,,KarnatakaPonni,48.4
203358.jpg,,KarnatakaPonni,75.2
203359.jpg,,Ponni,47.41
203360.jpg,,ADT45,59.6
203361.jpg,,ADT45,67.66
203362.jpg,,ADT45,64.04
203363.jpg,,ADT45,69.81
203364.jpg,,ADT45,60.66
203365.jpg,,ADT45,61.95
203366.jpg,,ADT45,71.12
203367.jpg,,AtchayaPonni,66.51
203368.jpg,,AtchayaPonni,43.21
203369.jpg,,ADT45,62.32
203370.jpg,,ADT45,57.04
203371.jpg,,ADT45,68.15
203372.jpg,,AndraPonni,65.13
203373.jpg,,ADT45,69.78
203374.jpg,,Ponni,55.47
203375.jpg,,ADT45,62.12
203376.jpg,,Onthanel,51.83
203377.jpg,,ADT45,60.48
203378.jpg,,ADT45,57.6
203379.jpg,,ADT45,69.62
203380.jpg,,IR20,73.28
203381.jpg,,ADT45,53.19
203382.jpg,,Zonal,70.72
203383.jpg,,ADT45,80.65
203384.jpg,,ADT45,55.66
203385.jpg,,KarnatakaPonni,75.36
203386.jpg,,ADT45,58.26
203387.jpg,,KarnatakaPonni,77.18
203388.jpg,,ADT45,62.83
203389.jpg,,KarnatakaPonni,70.28
203390.jpg,,ADT45,65.88
203391.jpg,,Ponni,60.1
203392.jpg,,AndraPonni,45.12
203393.jpg,,ADT45,72.07
203394.jpg,,ADT45,70.48
203395.jpg,,ADT45,69.45
203396.jpg,,ADT45,70.9
203397.jpg,,ADT45,69.12
203398.jpg,,ADT45,51.09
203399.jpg,,ADT45,69.01
203400.jpg,,ADT45,70.65
203401.jpg,,Onthanel,49.85
203402.jpg,,ADT45,70.47
203403.jpg,,ADT45,69.67
203404.jpg,,ADT45,43.67
203405.jpg,,ADT45,69.76
203406.jpg,,ADT45,50.77
203407.jpg,,ADT45,67.28
203408.jpg,,ADT45,48.48
203409.jpg,,ADT45,64.05
203410.jpg,,AtchayaPonni,65.8
203411.jpg,,KarnatakaPonni,72.6
203412.jpg,,ADT45,68.21
203413.jpg,,ADT45,54.71
203414.jpg,,ADT45,44.84
203415.jpg,,AtchayaPonni,63.96
203416.jpg,,ADT45,62.03
203417.jpg,,ADT45,67.55
203418.jpg,,Ponni,76.59
203419.jpg,,ADT45,66.34
203420.jpg,,ADT45,59.45
203421.jpg,,Ponni,60.19
203422.jpg,,ADT45,59.83
203423.jpg,,ADT45,60.1
203424.jpg,,Ponni,44.47
203425.jpg,,ADT45,58.59
203426.jpg,,ADT45,69.11
203427.jpg,,KarnatakaPonni,71.79
203428.jpg,,ADT45,70.33
203429.jpg,,ADT45,73.41
203430.jpg,,Onthanel,70.77
203431.jpg,,ADT45,53.17
203432.jpg,,ADT45,71.01
203433.jpg,,ADT45,72.69
203434.jpg,,ADT45,70.91
203435.jpg,,ADT45,69.27
203436.jpg,,ADT45,47.26
203437.jpg,,ADT45,71.06
203438.jpg,,ADT45,69.04
203439.jpg,,ADT45,70.39
203440.jpg,,ADT45,70.32
203441.jpg,,Zonal,68.73
203442.jpg,,ADT45,73.85
203443.jpg,,ADT45,60.54
203444.jpg,,ADT45,69.64
203445.jpg,,Onthanel,48.36
203446.jpg,,ADT45,59.78
203447.jpg,,ADT45,69.04
203448.jpg,,ADT45,55.0
203449.jpg,,ADT45,49.07
203450.jpg,,ADT45,58.78
203451.jpg,,KarnatakaPonni,73.41
203452.jpg,,Onthanel,69.7
203453.jpg,,ADT45,60.03
203454.jpg,,ADT45,70.62
203455.jpg,,Onthanel,70.18
203456.jpg,,ADT45,42.91
203457.jpg,,ADT45,72.91
203458.jpg,,KarnatakaPonni,74.65
203459.jpg,,ADT45,69.82
203460.jpg,,ADT45,70.53
203461.jpg,,ADT45,59.43
203462.jpg,,ADT45,67.35
203463.jpg,,ADT45,62.81
203464.jpg,,Ponni,81.32
203465.jpg,,IR20,70.12
203466.jpg,,ADT45,63.15
203467.jpg,,ADT45,49.99
203468.jpg,,KarnatakaPonni,50.68
203469.jpg,,ADT45,70.21
